id,brand,channel_label,title,scheduled_date
0d192cd3-1069-43f7-92ab-cb471e30b8ab,EvidLY,Blog,Close the year with a complete record,2029-02-07
9c4a00b9-ba43-495b-9388-f52bfce2b462,EvidLY,Blog,"Coverage, exclusions, and the fine print",2027-03-09
292d6dfb-8daf-47ad-8ad5-2621877e9f8e,EvidLY,Blog,Cross-contact and the allergen requirement most kitchens miss,2027-08-31
f5f08daa-76f4-4a64-b3ea-65f04938f987,EvidLY,Blog,Exhaust fans and the failure you can hear,2027-08-03
2843e3a4-ea38-4f76-ba69-1ced2a7a71d5,EvidLY,Blog,Fire Prevention Month: the kitchen is the ignition point,2027-12-13
c086d38c-e7ee-4d1d-aa89-5d22b00b2d1c,EvidLY,Blog,Fire safety in the hottest month,2027-07-13
60e61a3e-74ea-443a-a1f0-8cb01dfea4fa,EvidLY,Blog,Grease interception and the other authority,2026-12-29
cf849713-5ac6-4b38-88e5-8049ea06c848,EvidLY,Blog,"Handler cards, CFPM, and the certification cliff",2027-06-08
da605cb6-e743-482f-8548-36e7655465cb,EvidLY,Blog,"Heat, humidity, and holding temperature",2027-06-15
bcbd2a4c-7091-4e53-8984-4870292bcc00,EvidLY,Blog,"Letter grade, number, or nothing: how your county actually evaluates your kitchen",2027-04-13
a49db956-42c8-4e22-b795-81633e353429,EvidLY,Blog,"Loss control: information, not accusation",2027-03-16
ba144537-e9c0-45c1-b4a0-12907d6eec79,EvidLY,Blog,Multi-location: what doesn't transfer,2030-02-11
c2aedd61-b6f6-448a-9d09-3a322fe37872,EvidLY,Blog,"New staff, old procedures",2028-09-04
fa5b8056-1ca4-4120-b2ce-469967921f56,EvidLY,Blog,NFPA 96 in plain English,2028-02-04
93d87915-4065-4f5b-88b9-4953d80a8923,EvidLY,Blog,One year of the Founder cohort,2027-07-20
cb0b8ea9-68af-4d1c-95bc-d16261c329f8,EvidLY,Blog,"Patio, outdoor, and mobile: the requirements change",2027-06-01
a92eacfd-7967-4033-be62-bcf30b305790,EvidLY,Blog,Peak season readiness,2027-03-30
10eebf22-8b52-4894-9376-95643039e8c6,EvidLY,Blog,"Pest, and the requirement that's always current",2026-09-29
252320e6-6996-4942-b101-e8bfac985831,EvidLY,Blog,Predict. Reduce. Prove. — year two,2027-08-10
e5c40571-67fb-41a2-af21-c109b08753c3,EvidLY,Blog,Prove: the capability nobody builds until they need it,2027-07-06
c6eed90c-3ea0-4b3c-8f7c-7e3ff7ffd48c,EvidLY,Blog,Reading the signal: the equipment drift that precedes failure by 90 days,2027-05-25
4165573c-2b37-4eac-b341-44b6626d0412,EvidLY,Blog,"Reduce, not prevent",2028-12-18
ee1d535b-856e-4146-b682-140e9c7af6d5,EvidLY,Blog,Refrigeration: recovery time over temperature,2027-07-27
5abd769f-3822-4824-a766-95cd6f43e1ca,EvidLY,Blog,"Selling, buying, and the diligence file",2026-12-22
36f58f9d-5486-414d-a209-ab1f24fcd11d,EvidLY,Blog,Setting the year: what to fix first,2029-09-06
83166700-8c0d-41c7-a95e-658e801bdc2e,EvidLY,Blog,Spring inspection season opens,2027-02-02
98d33999-3b7e-47fd-a883-2f9e979f1252,EvidLY,Blog,"Summer volume, shorter intervals",2027-03-02
0495b5d4-5297-4d02-b404-7c26a8e87a8a,EvidLY,Blog,Suppression service life,2026-09-01
9694ba31-f50e-47dc-92d7-3ca4780362c3,EvidLY,Blog,Suppression: the system that gives you no feedback,2028-03-29
e5b0d403-3c7b-4b68-b803-143412fb688d,EvidLY,Blog,The claim you'll never file,2027-06-29
acacf256-5b23-45b8-a9ce-378fa35d22e9,EvidLY,Blog,The compliance budget conversation,2029-10-31
595bb159-44af-40f8-96c4-7ec4ceec87ff,EvidLY,Blog,The equipment you're going to replace this year,2030-04-15
c619ec06-44bc-44c7-b8cd-792394f0bd3b,EvidLY,Blog,The five documents that decide a commercial kitchen insurance claim,2027-05-11
c6e923b3-99a9-4e6f-b470-fff79b855f1a,EvidLY,Blog,"The five temperature logs, not one",2027-05-18
e37beeca-c9f6-4875-b564-51aad6fab6ff,EvidLY,Blog,"The fryer, the thermostat, and the fire",2027-06-22
3dadcad6-fff6-4fc8-a0b3-f3a8912fafe3,EvidLY,Blog,The mid-year proof check,2026-11-10
9e5d9270-53b7-43a5-8a2a-2b77b1530b40,EvidLY,Blog,The next 169,2027-08-03
76b6e0b8-4138-4924-b499-3a9a83b01d8d,EvidLY,Blog,The pre-Q4 walkthrough,2027-10-18
ae6f3c3c-d379-4520-92a0-5f31ddebb945,EvidLY,Blog,The quiet week,2029-07-16
2f0bec6e-ecc6-4f8e-90bb-40a5bad0b287,EvidLY,Blog,The record at eleven months,2026-10-20
50488745-9318-44c4-b045-1b17b2f6b039,EvidLY,Blog,The renewal your carrier is already reviewing,2029-04-03
032fc64f-8825-43b1-a29f-b8b47a99fe58,EvidLY,Blog,The Thanksgiving load test,2028-10-19
42358cf4-586f-4de6-b302-31e35c92fa90,EvidLY,Blog,The training refresh before summer staffing,2026-11-17
3744ad1c-1d04-47f0-b4ae-a249347cdc54,EvidLY,Blog,"Ventilation, airflow, and the summer ahead",2026-10-27
9b8e9255-9d2a-4376-bd52-dcf925c0e9c9,EvidLY,Blog,Volume changes your interval,2028-07-11
62cca4f9-f6a0-4a68-8c5c-aaa6f47d345c,EvidLY,Blog,What 2026 taught us,2029-05-25
a3397518-bebe-4379-8b8c-29b18e429e62,EvidLY,Blog,What a fire marshal sees that you don't,2028-05-15
c1df877e-d5ec-4c29-a4d8-8789088d9ebd,EvidLY,Blog,What changed in the rules this year,2027-07-27
fc0ddc91-4fb9-4d28-b972-419f2722c228,EvidLY,Blog,What we got wrong,2027-08-17
f8cd70c1-3b17-4cd4-9932-59b07e4b3eb8,EvidLY,Blog,What your carrier actually asks for,2030-06-03
4b12dc23-5506-4485-b613-cd314f9f7bc1,EvidLY,Blog,Why EvidLY will never give you a single compliance number,2026-12-01
18442f18-869a-4c92-9b54-f5736c4bae7f,EvidLY,Blog,Your first inspection of the year,2029-12-25
dd21867f-d41c-48b0-af56-5fc52f3cbde4,EvidLY,Email,250 seats. No clock. Here's where the window stands.,2028-04-18
a7463b2b-b5d5-4c28-bb24-99b3cb095c44,EvidLY,Email,Close the year with a complete record,2029-09-10
5d765052-1e85-406b-917a-ddec8a470dd2,EvidLY,Email,Close the year with a complete record,2029-08-13
4931b510-d066-4d7b-89aa-8e9a7f5c9d7b,EvidLY,Email,"Coverage, exclusions, and the fine print",2027-03-23
e2007558-4e83-4f19-be2d-446e4da36373,EvidLY,Email,"Coverage, exclusions, and the fine print",2028-05-16
9850da24-2dc2-4df4-9ff8-0a7d334ba692,EvidLY,Email,Cross-contact and the allergen requirement most kitchens miss,2028-02-28
a8f168a3-b752-48eb-b7f0-bad036b614a0,EvidLY,Email,Cross-contact and the allergen requirement most kitchens miss,2028-03-24
25340333-e67b-427c-9983-c5493ced20fd,EvidLY,Email,Exhaust fans and the failure you can hear,2026-12-01
7add07dd-f6be-4837-85d6-599d493f0f50,EvidLY,Email,Exhaust fans and the failure you can hear,2027-07-06
81286dcd-ff33-461b-9517-484b2cb6416d,EvidLY,Email,Fire Prevention Month: the kitchen is the ignition point,2028-06-06
7547ed17-37af-4db7-bbd5-9a93e529e341,EvidLY,Email,Fire Prevention Month: the kitchen is the ignition point,2028-07-12
cd52d538-2594-4341-9c1c-370ab0312a1e,EvidLY,Email,Fire safety in the hottest month,2027-08-27
198a6201-60e8-48c2-b4e4-2b7f7e5e7bdb,EvidLY,Email,Fire safety in the hottest month,2027-08-24
7a63d60b-f4ea-4c4c-b0e1-9857e7c19f0a,EvidLY,Email,Food and Fire never blend. Here's why that matters.,2027-06-29
6f55b66c-447f-4e14-b5a2-f998bc55e859,EvidLY,Email,Grease interception and the other authority,2027-06-01
839efa6b-aecf-490e-bec0-571685d8ed4b,EvidLY,Email,Grease interception and the other authority,2027-08-10
ff3789ae-1722-48b0-a374-7fcf17a8a614,EvidLY,Email,"Handler cards, CFPM, and the certification cliff",2028-02-02
8375c513-d92d-471f-9412-9c6619093827,EvidLY,Email,"Handler cards, CFPM, and the certification cliff",2027-12-28
95fd3f3b-165f-4867-bfaa-cd263d3bff95,EvidLY,Email,"Heat, humidity, and holding temperature",2027-09-14
b8a9dc06-d6de-454e-a285-067f2ba68063,EvidLY,Email,"Heat, humidity, and holding temperature",2027-12-14
c4697536-fc74-4572-a0c1-c21a0637129d,EvidLY,Email,"Loss control: information, not accusation",2028-01-25
3cd4ac3b-98d3-4d03-889d-12dfc8b3c6bf,EvidLY,Email,"Loss control: information, not accusation",2027-03-02
816cc112-ced2-4f3e-9020-dd3f56ee5fc1,EvidLY,Email,Multi-location: what doesn't transfer,2027-07-27
5ba82c6d-fb95-4f1f-bd35-485a89a6bb19,EvidLY,Email,Multi-location: what doesn't transfer,2027-04-20
c8d98a33-8e67-42a7-9c27-61269dbc5d54,EvidLY,Email,"New staff, old procedures",2029-02-23
daaaf4ed-c751-4fc9-b0a8-06ec181a5aa7,EvidLY,Email,"New staff, old procedures",2029-04-10
b7ad73d8-ceee-4cbd-a597-06181a274c74,EvidLY,Email,NFPA 96 in plain English,2028-08-02
ae4b4ea8-313f-4208-8ba1-fbb0e1e0a618,EvidLY,Email,NFPA 96 in plain English,2028-09-04
757f35b5-4696-4512-8884-9c1c205157e8,EvidLY,Email,One year of the Founder cohort,2027-08-31
ead5145e-3111-4e6c-ae36-98d9e73ff85e,EvidLY,Email,One year of the Founder cohort,2027-09-03
2b0c59d6-19e7-4803-8059-eedf0202e298,EvidLY,Email,"Patio, outdoor, and mobile: the requirements change",2026-12-29
c8675512-9fb2-4c14-aa5b-5ee358334136,EvidLY,Email,"Patio, outdoor, and mobile: the requirements change",2028-02-08
2bb8627e-fa85-411c-b577-3c8808d59b8e,EvidLY,Email,Peak season readiness,2027-01-12
a71d90af-b7bd-4f6d-bc5e-6d52cbaee1c8,EvidLY,Email,Peak season readiness,2027-07-30
e065978e-fa98-462c-85f0-d9bfd88f7a52,EvidLY,Email,"Pest, and the requirement that's always current",2028-05-09
1b1c821a-ddf1-4156-bcaf-5cd795e69fb4,EvidLY,Email,"Pest, and the requirement that's always current",2026-10-27
bd1110c0-c283-4fc3-b80e-3d7bb7f00602,EvidLY,Email,Predict. Reduce. Prove. — year two,2027-09-21
d23a2f23-277a-4d0f-846b-7fa30b61139d,EvidLY,Email,Predict. Reduce. Prove. — year two,2027-09-24
a349f9a2-d93b-4f27-84fa-65db10d87b83,EvidLY,Email,"Predict. Reduce. Prove. Why those three, in that order.",2027-10-22
5e4be74a-4da5-45c9-8c99-35d20e9e2007,EvidLY,Email,Prove: the part nobody thinks about until they need it.,2027-09-15
a8a3b725-0cce-4f66-8cfa-4c6cef180fd3,EvidLY,Email,"Reduce, not prevent",2029-07-20
33af46f1-8bd8-4d83-955f-7233c085c534,EvidLY,Email,"Reduce, not prevent",2029-06-14
cd614c5d-4309-4967-b485-0b486c935c8d,EvidLY,Email,Refrigeration: recovery time over temperature,2028-02-15
d6b9bf2e-4092-4077-91d3-6ff0e7440e51,EvidLY,Email,Refrigeration: recovery time over temperature,2028-03-28
47cc35e4-b3c0-46a3-a080-e4df14318eba,EvidLY,Email,"Selling, buying, and the diligence file",2027-08-20
5fc77f13-99fb-4d9f-84bf-535db95ccdf7,EvidLY,Email,"Selling, buying, and the diligence file",2027-08-17
77d108f5-8945-4b75-bec4-09a4a26d050a,EvidLY,Email,Setting the year: what to fix first,2030-03-11
f424b150-896d-49d5-a2e6-81098823ca33,EvidLY,Email,Setting the year: what to fix first,2030-04-09
15edb373-bfa1-48b3-8d76-be634537fadd,EvidLY,Email,Spring inspection season opens,2026-10-20
1bf07050-7686-4e60-94c3-667e79b61252,EvidLY,Email,Spring inspection season opens,2026-11-03
e4d5e282-0e11-4ba2-b87e-bfa131fecb4a,EvidLY,Email,"Summer volume, shorter intervals",2028-05-23
7e334ac8-100e-4c18-8f36-568c57c5428f,EvidLY,Email,"Summer volume, shorter intervals",2027-07-20
bdc9f624-676a-43b0-a1dd-d6a026302fe8,EvidLY,Email,Suppression service life,2027-12-28
8ed3c1bf-f72a-4efe-a56c-2f1a92496987,EvidLY,Email,Suppression service life,2027-08-24
efd2b21a-9ebb-4983-b033-30533098fabc,EvidLY,Email,Suppression: the system that gives you no feedback,2028-09-19
e2f015c9-6d30-4cab-9a6e-39d8c9ae092d,EvidLY,Email,Suppression: the system that gives you no feedback,2028-10-26
e60e792c-3f3e-4897-930f-81440e6b7a94,EvidLY,Email,The claim you'll never file,2028-05-30
2b2d0d69-e5cd-4f71-8122-0455633a8b44,EvidLY,Email,The claim you'll never file,2027-01-05
31759f9b-a255-4769-a898-a01bfada04da,EvidLY,Email,The compliance budget conversation,2030-05-02
f39d1538-77b6-4e1f-931a-461f4a25846a,EvidLY,Email,The compliance budget conversation,2030-06-06
00e0e827-98d1-4629-b0c2-64647d07fbe2,EvidLY,Email,The equipment you're going to replace this year,2026-09-08
d28861eb-8bbc-48e7-afbd-b413ca8c4f52,EvidLY,Email,The equipment you're going to replace this year,2028-03-14
e766a214-538b-4b2c-b055-e0e6254c9a04,EvidLY,Email,The five documents that decide your claim.,2028-06-06
8b32f1ab-4a48-4f53-aea4-a2132630d61e,EvidLY,Email,"The five temperature logs, not one",2027-11-05
147b2c7e-1c03-41a5-99bb-3b36542e1b71,EvidLY,Email,"The five temperature logs, not one",2027-12-14
c1c91964-2268-4cac-9902-ee49835410b1,EvidLY,Email,"The fryer, the thermostat, and the fire",2028-01-18
de41fbac-6aea-4397-a4fa-2785d67b647f,EvidLY,Email,"The fryer, the thermostat, and the fire",2028-04-25
2757cbfa-688f-4a85-b53f-cef9be5cbbfb,EvidLY,Email,The mid-year proof check,2026-12-15
30f2d1b5-a858-4520-9585-a1a67394908c,EvidLY,Email,The mid-year proof check,2027-02-02
0088021c-5a75-4c85-ab59-3fd646f1dec3,EvidLY,Email,The next 169,2027-09-17
48777a66-cf52-4f01-b73c-9180119c7e95,EvidLY,Email,The next 169,2027-09-14
78ab83ac-fac2-4cb0-a61e-42f3587a8160,EvidLY,Email,The pre-Q4 walkthrough,2028-05-24
621c1b90-91eb-4e82-b166-52f359860688,EvidLY,Email,The pre-Q4 walkthrough,2028-04-11
1117b3da-152f-4b34-89ed-176dfe1a9e0a,EvidLY,Email,The quiet week,2030-02-13
3513412f-ba1a-4790-8584-3f81da68a2d5,EvidLY,Email,The quiet week,2030-01-16
471a227a-89bc-46cd-a698-92a5306e7368,EvidLY,Email,The record at eleven months,2027-08-03
514fca4e-eed2-4bd7-83fb-19e8efa31dc7,EvidLY,Email,The record at eleven months,2027-08-06
c7d55e1c-a6f4-415b-bccc-99732835eba8,EvidLY,Email,The renewal your carrier is already reviewing,2029-10-04
63590bd4-4c95-4533-8455-b38f6ca5a4a7,EvidLY,Email,The renewal your carrier is already reviewing,2029-10-30
01841d15-f6ad-4aa7-9d9d-1a0924f434d0,EvidLY,Email,The seats that are gone aren't coming back.,2026-09-22
40ebe068-3304-40a8-a3df-f7a764e399b9,EvidLY,Email,The Thanksgiving load test,2029-04-23
46fab90e-d9cb-4afc-b108-a33f3ea74db8,EvidLY,Email,The Thanksgiving load test,2029-05-29
0134ed71-256b-447e-bbd9-c07ae981ed29,EvidLY,Email,The training refresh before summer staffing,2026-09-15
5dea5ea9-bd85-4b71-9c15-93845724e75a,EvidLY,Email,The training refresh before summer staffing,2027-04-27
4c4c6838-8e00-4ee7-9ab7-9fc8c5789384,EvidLY,Email,"Ventilation, airflow, and the summer ahead",2027-03-30
cde4f9fb-5346-4b00-ba1e-0fd44ce553e5,EvidLY,Email,"Ventilation, airflow, and the summer ahead",2028-02-22
91abe0f6-12d7-411e-a5b1-6dee430e7f59,EvidLY,Email,Volume changes your interval,2029-01-10
7767e588-cb39-41f5-8fe4-c7e7263447f8,EvidLY,Email,Volume changes your interval,2029-02-14
24ae7ebf-eaca-458e-870d-ea72c89b4677,EvidLY,Email,What 2026 taught us,2029-11-27
358a730c-1322-4a5e-b730-ec5eb92f1aff,EvidLY,Email,What 2026 taught us,2029-12-28
7bd81647-756c-4fce-abae-00a45ab451f7,EvidLY,Email,What a fire marshal sees that you don't,2028-12-25
6be7ed3b-8af2-4477-ad10-54666399df5c,EvidLY,Email,What a fire marshal sees that you don't,2028-11-14
71704ad1-f21f-4d12-a1ca-e9d244d85710,EvidLY,Email,What a Founder seat actually locks.,2027-06-08
8c52bee1-8777-4dc2-b111-e1e0511ce9b4,EvidLY,Email,What changed in the rules this year,2027-09-07
a3adf717-eb3a-4f7d-9de1-85de5f689b98,EvidLY,Email,What changed in the rules this year,2027-09-10
46d1d8e4-d2dc-4833-b9d5-0a2db119da0a,EvidLY,Email,What we got wrong,2027-08-10
e891f0ae-9274-41a4-ad10-6ec10368808e,EvidLY,Email,What we got wrong,2027-08-13
9ee46911-ad7e-43d5-a2ac-1aadf65545f6,EvidLY,Email,What your carrier actually asks for,2027-10-19
8ee60233-917a-42ac-bd55-b0bf745c6933,EvidLY,Email,What your carrier actually asks for,2027-08-31
c71d8869-dd1c-4e24-8360-b3075bc74cfc,EvidLY,Email,Where the Founder window stands going into September.,2027-09-02
9f8e0835-3cd4-4a0c-b811-8dcd580c3e35,EvidLY,Email,Your county has its own rulebook. Do you know what's in it?,2027-10-26
aadc7f45-e8de-42b1-bd4e-37e43086d4a7,EvidLY,Email,Your equipment tells you it's failing. Months ahead.,2027-11-23
5a37c0aa-7085-4597-b20a-544ce8364272,EvidLY,Email,Your first inspection of the year,2030-06-20
25498955-28a0-4c45-88e2-f6cffda74e0e,EvidLY,Email,Your first inspection of the year,2026-12-08
54bfb9f6-504a-4d87-bc8c-43f8346f2f7f,EvidLY,Facebook,169 counties. Five states. One view.,2027-11-30
f015675b-dd9a-4d50-9133-5ddfa7312f7a,EvidLY,Facebook,A fire is survivable. A denied claim is harder.,2029-11-27
907a55e9-0df6-4093-9507-f3e7df1801a1,EvidLY,Facebook,Can you prove it in ten minutes?,2028-09-26
e398857d-a191-4e72-a4ed-7aefc9e74776,EvidLY,Facebook,Close the year with a complete record,2029-02-19
76bfe030-1f86-46dd-9f8e-4f06a2e86199,EvidLY,Facebook,Close the year with a complete record,2029-03-09
a0f02095-e6a6-491b-8def-e32f7a89c141,EvidLY,Facebook,Close the year with a complete record,2029-01-29
fa142700-336e-4bf3-8dc0-c7dc5e4c9e98,EvidLY,Facebook,"Coverage, exclusions, and the fine print",2030-02-12
fca740cc-7aa4-4b4f-9113-7240741528f8,EvidLY,Facebook,"Coverage, exclusions, and the fine print",2030-02-19
d82de5c4-1e73-451c-9cd3-3d443828fd42,EvidLY,Facebook,"Coverage, exclusions, and the fine print",2029-08-21
cdc762cf-a371-41b3-893a-1bdef269f442,EvidLY,Facebook,Cross-contact and the allergen requirement most kitchens miss,2027-09-09
2bde6398-75d1-4f10-a6f5-11eafa6e85c4,EvidLY,Facebook,Cross-contact and the allergen requirement most kitchens miss,2027-08-19
9068d918-c303-4fd8-9b79-19b3315fd306,EvidLY,Facebook,Cross-contact and the allergen requirement most kitchens miss,2027-09-28
8c42bb45-5cec-4746-9917-dc6037a3e0d7,EvidLY,Facebook,Exhaust fans and the failure you can hear,2028-08-01
1f831a56-c91b-4c3f-9df8-d5ec6db2bbd6,EvidLY,Facebook,Exhaust fans and the failure you can hear,2027-01-19
b108eb59-62e6-4601-b0ba-54d64476456a,EvidLY,Facebook,Exhaust fans and the failure you can hear,2029-03-20
ccb5d317-3456-4657-b0d9-4035a00eb179,EvidLY,Facebook,Fire Prevention Month: the kitchen is the ignition point,2027-12-01
04b2141a-614e-4fb4-99f8-028c167eac7e,EvidLY,Facebook,Fire Prevention Month: the kitchen is the ignition point,2028-01-17
1368e19e-159b-45a3-a5b1-80de47bffea9,EvidLY,Facebook,Fire Prevention Month: the kitchen is the ignition point,2027-12-22
d19a4582-0a58-4561-996b-8810df305556,EvidLY,Facebook,Fire safety in the hottest month,2027-07-16
f3ea80c4-8ff7-4d74-9cea-afb41025b9ee,EvidLY,Facebook,Fire safety in the hottest month,2027-07-14
325f39ea-ba9e-48d9-9a7d-3f99dfad38e0,EvidLY,Facebook,Fire safety in the hottest month,2027-07-12
047a18df-61b1-4808-a3e3-c5dcdc24ca6d,EvidLY,Facebook,Five documents decide most claims.,2026-08-25
cd548867-fb24-4181-9d28-8c1ef4448046,EvidLY,Facebook,Food and Fire never blend.,2029-06-05
eeca5fc4-a601-4744-b1d8-e5ca0c219f09,EvidLY,Facebook,Grease interception and the other authority,2029-11-13
928ffc89-6dae-41e3-a338-b36a11f56da9,EvidLY,Facebook,Grease interception and the other authority,2028-10-17
f51d493e-8db0-447a-8af0-1461b28cba17,EvidLY,Facebook,Grease interception and the other authority,2029-12-25
6006a381-930f-4da1-a1c0-cbdf3563a4c1,EvidLY,Facebook,"Handler cards, CFPM, and the certification cliff",2027-08-06
c2fc8fe1-4150-479c-9f14-5182b06f04da,EvidLY,Facebook,"Handler cards, CFPM, and the certification cliff",2027-07-20
f9c6a36d-62e0-4a6d-a80c-d3a89dd50f87,EvidLY,Facebook,"Handler cards, CFPM, and the certification cliff",2030-02-05
3004379e-9eeb-4eb9-a1bc-8b858d1241ff,EvidLY,Facebook,"Heat, humidity, and holding temperature",2027-04-06
cd02f2f4-79bf-42f3-a033-fb0e98e508f3,EvidLY,Facebook,"Heat, humidity, and holding temperature",2029-05-29
ce35f47c-2117-49c4-94ae-c91c9434b2ff,EvidLY,Facebook,"Heat, humidity, and holding temperature",2029-06-12
7c0dab77-b038-4316-8a04-b72d5755b376,EvidLY,Facebook,"Loss control: information, not accusation",2028-05-16
db0db31c-f712-48a2-aa7e-2191165959b6,EvidLY,Facebook,"Loss control: information, not accusation",2029-09-04
485df9fb-300b-48ed-b559-d87a0cf5f0b5,EvidLY,Facebook,"Loss control: information, not accusation",2027-08-24
47381033-4129-4741-9cae-43997040607f,EvidLY,Facebook,Month one of the Founder window.,2027-08-17
37d4147d-a19f-4d28-b7cc-d4f7b6f473c1,EvidLY,Facebook,Multi-location: what doesn't transfer,2030-02-21
6bd46166-e261-4444-a2af-6dbf3c4ee029,EvidLY,Facebook,Multi-location: what doesn't transfer,2030-02-07
9b10336c-af60-4041-aff6-c499c613af0a,EvidLY,Facebook,Multi-location: what doesn't transfer,2030-03-27
9a87db87-58fa-4d8d-8721-caecf64b603d,EvidLY,Facebook,"New staff, old procedures",2028-09-11
fc42c7c4-3637-4579-a70c-fc8e6dcd6706,EvidLY,Facebook,"New staff, old procedures",2028-08-25
1b5672be-e9da-4684-a6d4-5b6bb8adc820,EvidLY,Facebook,"New staff, old procedures",2028-10-02
1d993362-1bb9-4adf-88d5-26ded2ab3833,EvidLY,Facebook,NFPA 96 in plain English,2028-01-21
b2a1d668-6cd4-4ad4-8da4-3d19108e72df,EvidLY,Facebook,NFPA 96 in plain English,2028-03-08
daad3ca1-2668-4a7d-bb4f-6eb4577e50e0,EvidLY,Facebook,NFPA 96 in plain English,2028-02-14
24d1b02c-35ba-4d00-8dc7-9337bb4b8b9e,EvidLY,Facebook,One year of the Founder cohort,2027-07-23
a998c63e-74df-4be9-a7f4-cd23043a384d,EvidLY,Facebook,One year of the Founder cohort,2027-07-21
0093fe1f-7a6c-46ad-9687-dfb0065fc52c,EvidLY,Facebook,One year of the Founder cohort,2027-07-19
4f0798ab-d939-47e6-92d9-f9202bf00d77,EvidLY,Facebook,"Patio, outdoor, and mobile: the requirements change",2027-10-19
c42aa0a8-c4ed-44b7-b88d-056fd0a4c17f,EvidLY,Facebook,"Patio, outdoor, and mobile: the requirements change",2029-05-01
f29189db-836e-4ae2-8009-b3dbc32d1d48,EvidLY,Facebook,"Patio, outdoor, and mobile: the requirements change",2029-12-18
024b91b9-f06c-4b21-a17e-cb1182b2d9a1,EvidLY,Facebook,Peak season readiness,2026-08-18
ac6b192b-a067-4e42-878e-cf5511355169,EvidLY,Facebook,Peak season readiness,2029-02-06
0b8f7649-aa6d-42e0-89c7-bb5339a07dc1,EvidLY,Facebook,Peak season readiness,2026-11-10
a9ac0309-1c26-4281-a1b5-3d8e44d349c7,EvidLY,Facebook,"Pest, and the requirement that's always current",2029-01-02
4b4f4b86-c5cb-4ffd-a92b-023b60c07f41,EvidLY,Facebook,"Pest, and the requirement that's always current",2027-09-14
86789c3e-aad9-42d7-a8bc-377e6df8d09c,EvidLY,Facebook,"Pest, and the requirement that's always current",2028-07-18
5b6215bf-b73b-4332-846d-c7e92adcf39d,EvidLY,Facebook,Planned repair or emergency? The signal decides.,2028-01-18
8c5e1bc2-d7b7-4919-8ed5-34bd7080020d,EvidLY,Facebook,Predict. Reduce. Prove.,2028-08-08
162f8a72-4bd0-48ec-a927-3dbed0656636,EvidLY,Facebook,Predict. Reduce. Prove. — year two,2027-08-13
f6b75adc-c57e-495c-b59f-f31afce887ec,EvidLY,Facebook,Predict. Reduce. Prove. — year two,2027-08-11
b974dc4b-5e85-4e8b-9dd5-f596a53bfba2,EvidLY,Facebook,Predict. Reduce. Prove. — year two,2027-08-09
110e9a5c-ac88-445c-9dfa-a1d55142d827,EvidLY,Facebook,"Reduce, not prevent",2028-12-08
d2fa7a9d-efb2-4fbf-b318-472a74c61520,EvidLY,Facebook,"Reduce, not prevent",2029-01-01
4b63a080-e59b-4a3c-ae9f-c1e5990db830,EvidLY,Facebook,"Reduce, not prevent",2029-01-17
a84a9660-620a-41cf-8e62-db0271293d2e,EvidLY,Facebook,Refrigeration: recovery time over temperature,2028-12-19
24760f79-a412-46b0-bca0-3a7a6f1e4640,EvidLY,Facebook,Refrigeration: recovery time over temperature,2027-02-16
0f129c94-908d-4b4e-bb10-1ab611d3d871,EvidLY,Facebook,Refrigeration: recovery time over temperature,2026-11-24
f52bdeda-f489-4d48-b47f-b73ae699dfd5,EvidLY,Facebook,"Selling, buying, and the diligence file",2030-01-01
ae718f12-4243-4ca9-adea-167fc33caab1,EvidLY,Facebook,"Selling, buying, and the diligence file",2027-07-09
3e940c12-90df-4a1e-bccd-0d8c1407dcce,EvidLY,Facebook,"Selling, buying, and the diligence file",2027-06-22
848832de-a6d4-4957-bdd8-99b0deb2d849,EvidLY,Facebook,Setting the year: what to fix first,2029-10-11
614953b8-6b87-49df-a1d3-aa50dba6dccb,EvidLY,Facebook,Setting the year: what to fix first,2029-08-31
939bf8f7-879d-4461-88ab-1dab3d2676f0,EvidLY,Facebook,Setting the year: what to fix first,2029-09-19
68fce951-7155-4fd0-9223-008841e0e1f0,EvidLY,Facebook,Spring inspection season opens,2028-02-29
63efb161-8ace-4bab-ac76-2c4b5f83b9d3,EvidLY,Facebook,Spring inspection season opens,2028-02-15
abad47a7-d348-4d7e-b583-d0112b187bd4,EvidLY,Facebook,Spring inspection season opens,2029-01-23
83b212de-1d76-4066-a7af-e945ce46cb9f,EvidLY,Facebook,"Summer volume, shorter intervals",2028-07-04
20bd1fef-3a14-4c68-85b5-0495f2e36075,EvidLY,Facebook,"Summer volume, shorter intervals",2027-01-26
6418507b-c7cc-49c5-8d58-1b92e69e1353,EvidLY,Facebook,"Summer volume, shorter intervals",2028-02-22
f07e07aa-7975-471e-82a2-09a24a16b552,EvidLY,Facebook,Suppression service life,2029-12-04
fde97a0f-9e59-4d65-a830-3ec8737c5eb4,EvidLY,Facebook,Suppression service life,2030-02-26
08a040dc-4867-4b13-8a29-e4de98de167d,EvidLY,Facebook,Suppression service life,2026-10-20
84901210-4e26-4c32-b519-bda67b6d9be5,EvidLY,Facebook,Suppression: the system that gives you no feedback,2028-05-02
8c3f7ce7-ff6b-4f3c-ae79-12dc890de75e,EvidLY,Facebook,Suppression: the system that gives you no feedback,2028-04-07
92272459-4352-4686-a85c-dd585893c42d,EvidLY,Facebook,Suppression: the system that gives you no feedback,2028-03-20
9a5df403-3baf-41d8-a558-66d4b6224897,EvidLY,Facebook,The claim you'll never file,2028-11-28
30cdcbb4-8dd1-4a4f-9392-536d8bc2de2a,EvidLY,Facebook,The claim you'll never file,2027-04-20
6926a050-fc37-492c-adad-a6878b0dc74f,EvidLY,Facebook,The claim you'll never file,2028-03-07
03ea2e2d-9481-4f07-8031-686a35e1e023,EvidLY,Facebook,The compliance budget conversation,2029-12-10
f31b8543-9d69-492f-b861-2e4c2d6f9ae3,EvidLY,Facebook,The compliance budget conversation,2029-10-23
01a653c3-67ef-4b9b-8de6-d7b7bfc02541,EvidLY,Facebook,The compliance budget conversation,2029-11-07
742c3a4c-c222-4482-bafc-9d4b54ba92da,EvidLY,Facebook,The equipment you're going to replace this year,2030-04-18
189e5680-e3d5-408c-a79d-c5bbd2b99755,EvidLY,Facebook,The equipment you're going to replace this year,2030-04-01
cea951b4-bab3-4c54-af02-02b0b9035ca3,EvidLY,Facebook,The equipment you're going to replace this year,2030-05-17
9e29d144-d740-4270-b9bb-0f44830a3fbf,EvidLY,Facebook,"The five temperature logs, not one",2028-12-12
8c71fb45-056a-486a-b4c4-40e5e8dad8b1,EvidLY,Facebook,"The five temperature logs, not one",2028-08-15
056d89ec-7051-4565-9548-015e9945db40,EvidLY,Facebook,"The five temperature logs, not one",2026-09-15
292d7012-9bc7-4891-9410-bda7ba16cf5f,EvidLY,Facebook,The Founder window is open.,2027-03-23
afd56d0e-704e-4d9c-90fa-6e98cb2ca5d7,EvidLY,Facebook,The Founder window is still open.,2029-03-06
79cf6906-d10f-4484-8352-afa743098b90,EvidLY,Facebook,"The fryer, the thermostat, and the fire",2028-05-09
9051a38b-baa7-4d91-83f4-fa85d2c497cd,EvidLY,Facebook,"The fryer, the thermostat, and the fire",2028-09-12
58e93289-dee2-48df-b730-f2f279a4cf1d,EvidLY,Facebook,"The fryer, the thermostat, and the fire",2027-12-28
d0c7e363-747a-4f1c-8b73-ee0903319d6a,EvidLY,Facebook,The mid-year proof check,2029-07-10
f566d71b-6145-4fc3-97ca-1a6bb8a0a9df,EvidLY,Facebook,The mid-year proof check,2030-01-08
5578e77d-13d9-4397-ae1e-2033fb264998,EvidLY,Facebook,The mid-year proof check,2027-12-07
24aadc53-ef2c-494d-b0e0-7567dd895e81,EvidLY,Facebook,The next 169,2027-08-04
c6f8e257-2d36-4151-94a2-a8f7d0f9554e,EvidLY,Facebook,The next 169,2027-08-06
864fbc96-8552-47c3-8129-8301fab62ae3,EvidLY,Facebook,The next 169,2027-08-02
878a6d17-149a-4a36-a842-86ff56c862cf,EvidLY,Facebook,The pre-Q4 walkthrough,2027-11-18
ec6463e9-a7de-4ff8-a972-8bed3ffa9f88,EvidLY,Facebook,The pre-Q4 walkthrough,2027-10-11
bc2306cf-75d7-4e35-b8f1-7a77622fb7bd,EvidLY,Facebook,The pre-Q4 walkthrough,2027-11-02
b2d8ac9c-d451-4865-9d67-da3da97f18f9,EvidLY,Facebook,The quiet week,2029-07-10
a7a859f1-5348-4405-892e-cf95cd85a682,EvidLY,Facebook,The quiet week,2029-08-23
dbaf302c-aa31-418a-b834-59558c4c732f,EvidLY,Facebook,The quiet week,2029-07-30
aa6e28df-c8be-4e24-9e00-3db4d923184e,EvidLY,Facebook,The record at eleven months,2029-01-09
2338635d-c871-4176-b57d-c1742543f3b7,EvidLY,Facebook,The record at eleven months,2027-02-02
8540db70-a359-47c3-81fb-185e2756ae05,EvidLY,Facebook,The record at eleven months,2028-07-11
9f78334f-cafb-427d-a068-f45f81d8e596,EvidLY,Facebook,The renewal your carrier is already reviewing,2029-04-19
d36ba7bb-34ef-4a67-8307-c81d9734d392,EvidLY,Facebook,The renewal your carrier is already reviewing,2029-05-03
beb3076a-53bd-4253-a631-63785dc43b49,EvidLY,Facebook,The renewal your carrier is already reviewing,2029-03-22
9701c38a-fdca-4ab2-95dd-8b81e70dcce8,EvidLY,Facebook,The seats that are gone aren't coming back.,2028-11-14
1cbf2fd3-dde0-4169-99bc-da55fa5fd07c,EvidLY,Facebook,The Thanksgiving load test,2028-11-03
76764098-46d3-4007-84c7-ad880cef86ed,EvidLY,Facebook,The Thanksgiving load test,2028-10-18
24d40acc-d74d-4a0a-b1b1-7c48da5d5507,EvidLY,Facebook,The Thanksgiving load test,2028-12-01
8dafb912-7b4c-415b-a947-d2469f6a9b92,EvidLY,Facebook,The training refresh before summer staffing,2028-08-22
abec9f11-d0d6-4f9e-8b75-361eb15c8ba4,EvidLY,Facebook,The training refresh before summer staffing,2029-01-30
590d6ae1-849f-48b1-b445-076483134c83,EvidLY,Facebook,The training refresh before summer staffing,2028-01-04
604306f5-02ba-4265-9438-430be67eab2a,EvidLY,Facebook,"Ventilation, airflow, and the summer ahead",2028-02-01
13a71bb7-0f37-4ba1-99a1-ce12f1ab5099,EvidLY,Facebook,"Ventilation, airflow, and the summer ahead",2026-12-22
5881923b-a634-4a84-9c3b-342dd5d15ece,EvidLY,Facebook,"Ventilation, airflow, and the summer ahead",2027-12-21
9ac4bd4a-724a-44cd-a438-fb311e64cb1d,EvidLY,Facebook,Volume changes your interval,2028-06-29
79e9ad75-1ed8-4683-9125-5edba9f121fd,EvidLY,Facebook,Volume changes your interval,2028-07-20
1787b779-1137-42b0-92fe-b2e27275770c,EvidLY,Facebook,Volume changes your interval,2028-08-11
8591b5db-4706-42cb-b73e-dbaf9f1614e7,EvidLY,Facebook,What 2026 taught us,2029-06-01
12296367-46e2-46a7-8b1e-7ab0490e93aa,EvidLY,Facebook,What 2026 taught us,2029-07-04
6918e5d7-f081-4272-94a3-57aceb44bbd4,EvidLY,Facebook,What 2026 taught us,2029-05-17
86c18280-788d-412d-bc8b-22a562ec50b6,EvidLY,Facebook,What a fire marshal sees that you don't,2028-05-11
e58d978d-61b0-4298-a811-e860ddf8c279,EvidLY,Facebook,What a fire marshal sees that you don't,2028-06-02
b7c85ee3-5d4c-4b79-a05d-c106a1e32c87,EvidLY,Facebook,What a fire marshal sees that you don't,2028-06-22
add4fd2d-4509-43a9-b06e-05aa2c1ded06,EvidLY,Facebook,What a Founder seat locks.,2029-02-13
4fce02ba-4bd9-41fc-8d8b-c6599c476746,EvidLY,Facebook,What changed in the rules this year,2027-07-28
99caceb0-b7c0-4c65-9f00-2919ddb38fc8,EvidLY,Facebook,What changed in the rules this year,2027-07-30
89d3d238-66c6-41b9-a2c4-3cf3c8f74994,EvidLY,Facebook,What changed in the rules this year,2027-07-26
0661b940-96c5-4481-9bdb-7f43fe7bc6bc,EvidLY,Facebook,What we got wrong,2026-09-29
e092f1e4-25e1-4006-bbc3-196b9f298db0,EvidLY,Facebook,What we got wrong,2029-09-25
51dd7a7c-5f3f-4810-b406-7f5d861730f4,EvidLY,Facebook,What we got wrong,2027-11-09
3f059300-be1d-4b28-840b-98dc04233a22,EvidLY,Facebook,What your carrier actually asks for,2030-05-22
30e8e207-8ea9-41b2-a8ab-bf2135d9e6b8,EvidLY,Facebook,What your carrier actually asks for,2030-06-17
da47e2ee-3d81-4431-9893-f7fbf831b33b,EvidLY,Facebook,What your carrier actually asks for,2029-08-28
cccbb2b2-e450-4d88-8420-86136ea03b0f,EvidLY,Facebook,Why one number can't tell your whole story.,2029-05-22
b0d51e79-d9e0-4b4e-adeb-3c0edf8e07ee,EvidLY,Facebook,Your county has its own rulebook.,2029-03-13
760a0a26-fd93-40b9-a10c-a22806b2a6bb,EvidLY,Facebook,Your first inspection of the year,2029-12-14
3d7f587d-7bf3-49b9-b8f0-7739077c04c7,EvidLY,Facebook,Your first inspection of the year,2030-02-01
46e4bcfc-dffd-44dc-bb08-c948cfb31af0,EvidLY,Facebook,Your first inspection of the year,2030-01-03
268262b3-3c67-40ec-87d4-7489adfc5ec2,EvidLY,Facebook,Your walk-in has been telling you for months.,2027-02-23
18e41b51-bca8-4201-baa3-18a091b0b9c0,EvidLY,Instagram,Close the year with a complete record,2029-02-14
6ea0dae1-d99b-4d9c-bd44-daf8fbf6ce45,EvidLY,Instagram,Close the year with a complete record,2029-03-19
4841f8ba-8023-4403-ad08-07cb9757c042,EvidLY,Instagram,"Coverage, exclusions, and the fine print",2027-06-22
991f248d-53d2-48c2-a733-484393dc76d9,EvidLY,Instagram,"Coverage, exclusions, and the fine print",2028-06-20
1cb9e3ce-a648-4608-9dd2-c5e39d6a3e58,EvidLY,Instagram,Cross-contact and the allergen requirement most kitchens miss,2027-09-03
521a8684-f5e7-4405-802c-739ba3dbcb42,EvidLY,Instagram,Cross-contact and the allergen requirement most kitchens miss,2027-09-27
5da4625c-acbb-4438-86bd-90a917952b60,EvidLY,Instagram,Exhaust fans and the failure you can hear,2027-10-05
93dd1850-673e-4388-a7a5-8ae6afcf720d,EvidLY,Instagram,Exhaust fans and the failure you can hear,2028-05-16
235f8e0a-0985-44ce-aa0c-2318ffb68535,EvidLY,Instagram,Fire Prevention Month: the kitchen is the ignition point,2027-12-20
e73396e5-6645-489f-ac8e-1145bae8145d,EvidLY,Instagram,Fire Prevention Month: the kitchen is the ignition point,2028-01-11
1bd64306-fedb-40a9-bc94-b9f30bddc2a9,EvidLY,Instagram,Fire safety in the hottest month,2027-07-16
c6610fe8-7f4a-4861-9c2d-0b62fef842f8,EvidLY,Instagram,Fire safety in the hottest month,2027-07-14
20323a57-c1ba-44a5-a05e-1dd5367f549d,EvidLY,Instagram,Grease interception and the other authority,2026-12-29
c2bc6fd9-4aaf-4c20-96d5-a814ebbb06b4,EvidLY,Instagram,Grease interception and the other authority,2028-11-21
9d80df8a-6c5d-4da6-b263-e8851c6b24db,EvidLY,Instagram,"Handler cards, CFPM, and the certification cliff",2027-08-10
47df107f-b564-43b8-b929-6842e0b12dc4,EvidLY,Instagram,"Handler cards, CFPM, and the certification cliff",2027-07-21
cf85e536-7bd4-46e0-9b51-0e126966a655,EvidLY,Instagram,"Heat, humidity, and holding temperature",2028-12-26
32f5b7f4-bd2d-4530-99fd-aaa3cfa3fca6,EvidLY,Instagram,"Heat, humidity, and holding temperature",2027-03-02
9c8e7f38-238d-454c-871d-617f70045992,EvidLY,Instagram,"Loss control: information, not accusation",2028-07-11
1bccc2f4-23ec-4327-a717-900b9518fadc,EvidLY,Instagram,"Loss control: information, not accusation",2026-12-01
9b5ff69e-ae65-45d4-bde2-540e77ad729c,EvidLY,Instagram,Multi-location: what doesn't transfer,2030-03-22
2e15c6e0-c8cb-4aaf-8424-f1830dced74e,EvidLY,Instagram,Multi-location: what doesn't transfer,2030-03-05
824c2fb8-ced7-445d-b4d8-ef986a607d4b,EvidLY,Instagram,"New staff, old procedures",2028-09-18
556d186d-8e9e-4352-bd1b-be8de80bcde1,EvidLY,Instagram,"New staff, old procedures",2028-10-11
297943a0-2819-4290-9af9-3837c824655d,EvidLY,Instagram,NFPA 96 in plain English,2028-03-07
af5d8ef9-da40-42d4-b43b-86682a0dabe5,EvidLY,Instagram,NFPA 96 in plain English,2028-02-16
724442a0-be59-457f-8213-33a5c39e33ed,EvidLY,Instagram,One year of the Founder cohort,2027-07-21
98398b42-0eea-400f-99d8-fee050994e18,EvidLY,Instagram,One year of the Founder cohort,2027-07-23
a4657229-d393-4984-bd21-9336bdeb82dc,EvidLY,Instagram,"Patio, outdoor, and mobile: the requirements change",2028-09-05
f8cef6fd-3e96-42fc-8ebd-acc9eb59c300,EvidLY,Instagram,"Patio, outdoor, and mobile: the requirements change",2029-07-03
08ab2643-a2cd-4ebd-8453-6549ce688e65,EvidLY,Instagram,Peak season readiness,2026-09-15
9d4b45ff-299c-4653-b31f-6f892288ff1b,EvidLY,Instagram,Peak season readiness,2028-07-25
faf5f2f9-66b9-4659-9286-4a38d4bfb4a7,EvidLY,Instagram,"Pest, and the requirement that's always current",2029-07-10
cff00bec-bf80-4998-8ede-5072dbbc4daf,EvidLY,Instagram,"Pest, and the requirement that's always current",2029-01-02
ed4971fb-7865-4453-8405-619b99afecb6,EvidLY,Instagram,Predict. Reduce. Prove. — year two,2027-08-13
5cc01106-d3f8-474d-8f5a-21dade4f87ba,EvidLY,Instagram,Predict. Reduce. Prove. — year two,2027-08-11
9dc052f6-5d08-4273-adb9-ef83e12e2226,EvidLY,Instagram,"Reduce, not prevent",2028-12-22
241e2b43-6957-4526-8031-b5e5c403773e,EvidLY,Instagram,"Reduce, not prevent",2029-01-25
59f50cc3-baa4-4285-9e8d-fa4790445820,EvidLY,Instagram,"Reel — Arthur, 45s",2027-08-31
a98578a9-c93c-40d4-9e4c-0cab4e5d357b,EvidLY,Instagram,"Reel — Arthur, 45s",2028-09-19
662f2b5c-8645-4cee-9093-a1e28a1a416b,EvidLY,Instagram,"Reel — Arthur, 45s",2027-10-26
e681d0ed-82eb-4b05-b04a-c2f5adde453f,EvidLY,Instagram,Refrigeration: recovery time over temperature,2029-04-24
3fc85c9a-8c15-4132-964f-d593d79f4305,EvidLY,Instagram,Refrigeration: recovery time over temperature,2027-04-20
bfdf4269-9f91-4fcb-aa2e-414beae4dd1e,EvidLY,Instagram,"Selling, buying, and the diligence file",2027-07-09
022f8801-af08-4c6f-a30a-6a2386c9bdac,EvidLY,Instagram,"Selling, buying, and the diligence file",2026-08-25
e7e1f71d-2ed3-4b8f-9fb8-5e08d895b037,EvidLY,Instagram,Setting the year: what to fix first,2029-10-15
a5b84fd8-33b1-48c4-95d8-1f8b07b11571,EvidLY,Instagram,Setting the year: what to fix first,2029-09-17
7d44fefc-7a57-4121-9584-4058b3f40ed8,EvidLY,Instagram,Spring inspection season opens,2028-02-22
c6f377c0-c6c0-4e3f-b449-6419e168f67d,EvidLY,Instagram,Spring inspection season opens,2028-12-05
68b537ee-80a5-4788-b249-e556aa351fa2,EvidLY,Instagram,"Summer volume, shorter intervals",2027-11-16
d1ca49e8-ea85-4b4c-b220-f35deb74140b,EvidLY,Instagram,"Summer volume, shorter intervals",2029-01-23
f2f1ff73-3521-476c-801f-15ad8e22e318,EvidLY,Instagram,Suppression service life,2029-06-05
52546228-4035-47d3-87b3-8893fc506cc4,EvidLY,Instagram,Suppression service life,2027-07-27
6ec05d58-0271-421e-953d-5a6173f3f2c7,EvidLY,Instagram,Suppression: the system that gives you no feedback,2028-05-01
bad437b8-12e1-4713-86d2-f7114161c135,EvidLY,Instagram,Suppression: the system that gives you no feedback,2028-04-10
68c2b4dd-d8f4-4e6f-b379-9337fef08a2e,EvidLY,Instagram,The claim you'll never file,2027-11-23
53ac547e-f88d-4022-a673-0b06720b5b20,EvidLY,Instagram,The claim you'll never file,2027-08-17
9ffdd9fd-7119-4581-84cf-2c9e36bebf72,EvidLY,Instagram,The compliance budget conversation,2029-11-15
c31b5505-a967-48ed-b68e-3a4f73708bb1,EvidLY,Instagram,The compliance budget conversation,2029-12-11
8454c327-9dc1-410f-8941-dde24ae532dd,EvidLY,Instagram,The equipment you're going to replace this year,2030-04-24
1e38c759-6d3f-4298-b545-c9099beadae9,EvidLY,Instagram,The equipment you're going to replace this year,2030-05-09
c283c4b0-834c-4db6-b176-66bb1fb0f26a,EvidLY,Instagram,"The five temperature logs, not one",2028-11-14
120ac0f7-12aa-4c53-a540-45200aa526ef,EvidLY,Instagram,"The five temperature logs, not one",2026-10-13
5ab8b089-a92f-4bef-94e1-f7be0fc83adc,EvidLY,Instagram,"The fryer, the thermostat, and the fire",2027-09-21
415e648a-0703-4c67-a1f0-c53db2fc3112,EvidLY,Instagram,"The fryer, the thermostat, and the fire",2027-04-27
4718e380-4661-4179-b534-a24328a0e082,EvidLY,Instagram,The mid-year proof check,2027-06-15
9481650d-d287-4a6d-ba5d-e8a274d20a8a,EvidLY,Instagram,The mid-year proof check,2028-05-23
7b3184e4-b874-47a5-b0fd-9a2aad5154a2,EvidLY,Instagram,The next 169,2027-08-04
fa57beb0-7625-4120-a45a-4cd3a1603590,EvidLY,Instagram,The next 169,2027-08-06
07931f72-1084-4441-812f-41ffcba13456,EvidLY,Instagram,The pre-Q4 walkthrough,2027-10-28
2ffd5c14-75d7-4ce1-a693-98fd15bf0f5c,EvidLY,Instagram,The pre-Q4 walkthrough,2027-11-19
23c3e176-e1a7-43e8-9da4-9ad81125da47,EvidLY,Instagram,The quiet week,2029-08-03
da231718-e6a9-41a3-a2ad-6621cc23f8b2,EvidLY,Instagram,The quiet week,2029-08-27
d960af90-b85f-4854-90f7-1a2aab58ec9e,EvidLY,Instagram,The record at eleven months,2029-02-27
dd34e4e0-efbc-43a7-b0de-4bd7fd3e8973,EvidLY,Instagram,The record at eleven months,2029-03-27
dce639a8-0c2a-4f03-bad1-160ff19b8d62,EvidLY,Instagram,The renewal your carrier is already reviewing,2029-05-09
bfe91c4d-18bb-4bf1-bf1a-5dafb0e6f8d1,EvidLY,Instagram,The renewal your carrier is already reviewing,2029-04-11
11a77a52-047b-4e80-ac2f-7b330b36f074,EvidLY,Instagram,The Thanksgiving load test,2028-11-01
3fdcd798-b15d-4324-b66e-71c6404b50a9,EvidLY,Instagram,The Thanksgiving load test,2028-11-27
53a9ffbd-182a-4a2a-9f08-6efd3040509c,EvidLY,Instagram,The training refresh before summer staffing,2027-08-10
f18e346f-0fd3-49f8-af67-492491d6f061,EvidLY,Instagram,The training refresh before summer staffing,2029-05-29
70fde000-bfa8-4da1-9d14-9faee1bf276d,EvidLY,Instagram,Tile — 169 counties,2028-01-04
d26cb563-0eb2-44f0-8044-16a63e7cafd1,EvidLY,Instagram,Tile — dual pillar,2029-01-30
e397b789-bff4-458b-b928-e79ff4f1f945,EvidLY,Instagram,Tile — five documents,2029-04-17
4aae757e-eb8c-4bd4-8239-2c71fdb372ca,EvidLY,Instagram,Tile — Founder,2027-07-06
f4d4b204-87f9-4b61-a465-636f5228ae70,EvidLY,Instagram,Tile — prediction,2029-06-12
68ab8963-4838-44f6-a9b0-f2040fe1b803,EvidLY,Instagram,Tile — PRP,2027-11-09
75d85e6e-b408-4043-96df-5305a1ec332d,EvidLY,Instagram,Tile — pull-quote,2028-01-18
6c311236-3505-4873-bde5-960cb953d20b,EvidLY,Instagram,"Ventilation, airflow, and the summer ahead",2027-12-21
330666f5-9ec0-4049-9dc2-745a4de1c9f6,EvidLY,Instagram,"Ventilation, airflow, and the summer ahead",2027-03-09
9e55d3c5-7879-4d75-a9e5-422a38041953,EvidLY,Instagram,Volume changes your interval,2028-08-10
82880f0a-22cc-48af-8d24-f25e1fefb06c,EvidLY,Instagram,Volume changes your interval,2028-07-26
c46e39b2-2ad9-442e-87b1-ae6b294c4c5b,EvidLY,Instagram,What 2026 taught us,2029-06-12
01b1f38f-623c-4334-91e2-e7b6c5db3221,EvidLY,Instagram,What 2026 taught us,2029-06-27
552aec07-cd9b-40e6-95b4-4a04a4c12b69,EvidLY,Instagram,What a fire marshal sees that you don't,2028-06-01
4761f1fd-a3d3-43fa-bc6f-a19535b52a43,EvidLY,Instagram,What a fire marshal sees that you don't,2028-06-27
542ec5b0-cc7f-404b-b4ef-cd899bc77726,EvidLY,Instagram,What changed in the rules this year,2027-07-30
f676ef98-2dad-4477-9bee-390bc4fdd333,EvidLY,Instagram,What changed in the rules this year,2027-07-28
8d148bfc-277c-4f84-84ec-2deb9554fe7e,EvidLY,Instagram,What we got wrong,2028-04-18
fecafb06-315c-4a86-aa1c-6afc04b8ac57,EvidLY,Instagram,What we got wrong,2029-08-07
000b9de5-ee24-457f-bf17-0c00b5a93f58,EvidLY,Instagram,What your carrier actually asks for,2030-06-04
9e6638b1-7ab8-4124-bd0b-8a123d93717e,EvidLY,Instagram,What your carrier actually asks for,2028-08-08
57079298-4231-4183-b045-a8b9e8db56e5,EvidLY,Instagram,Your first inspection of the year,2030-01-07
20d7c218-a559-42da-9aed-915e5c18ff2f,EvidLY,Instagram,Your first inspection of the year,2030-01-28
fc53fd2a-59f9-40fb-af5b-cf7488b1de1e,EvidLY,LinkedIn,,2030-02-26
32bd306a-3507-408b-9e3d-75ff497a2b89,EvidLY,LinkedIn,169 counties. 5 states. One view.,2027-04-27
34629f18-90ef-4a02-8364-169ef19377d2,EvidLY,LinkedIn,A blended compliance number is a comfortable lie.,2027-05-11
1798e2e1-aa6f-418b-85ae-54815edd6d1c,EvidLY,LinkedIn,Close the year with a complete record,2029-02-26
1a7706ea-3e91-4354-a8fb-2065f42be051,EvidLY,LinkedIn,Close the year with a complete record,2029-03-13
483b60a1-af7b-4e93-b812-00c1e2f5a255,EvidLY,LinkedIn,Close the year with a complete record,2029-01-30
e0c38d14-e7c1-45a9-bbaf-b07e2f132f59,EvidLY,LinkedIn,"Coverage, exclusions, and the fine print",2029-10-02
78757d9d-080a-49fa-8ae7-d44322a86be1,EvidLY,LinkedIn,"Coverage, exclusions, and the fine print",2028-05-30
cb372b06-50af-4dfc-ac8a-3d3507f918be,EvidLY,LinkedIn,"Coverage, exclusions, and the fine print",2029-06-19
59209567-5cf2-45de-9803-ecab0e735be4,EvidLY,LinkedIn,Cross-contact and the allergen requirement most kitchens miss,2027-09-10
56365708-4de2-49b5-b66f-28317697c0b0,EvidLY,LinkedIn,Cross-contact and the allergen requirement most kitchens miss,2027-09-29
f9635ee4-875c-4b02-b4e4-b8c69e7c3673,EvidLY,LinkedIn,Cross-contact and the allergen requirement most kitchens miss,2027-08-17
70a4682b-ab2c-424c-991b-a5a5ddee1dc2,EvidLY,LinkedIn,Doing the work and proving it are different capabilities.,2028-05-02
a5cd2710-cec4-4bf7-b36e-d00333b6f45e,EvidLY,LinkedIn,Equipment tells you. Months ahead.,2029-01-23
0902cb15-0892-479f-af26-bab456d13fcc,EvidLY,LinkedIn,Exhaust fans and the failure you can hear,2026-09-29
593a3fea-a7c7-4121-b8d6-358b0552c3cf,EvidLY,LinkedIn,Exhaust fans and the failure you can hear,2027-11-30
5edc8496-ea79-4ced-8141-f55e516729f2,EvidLY,LinkedIn,Exhaust fans and the failure you can hear,2028-01-04
75db7d94-d509-4087-8f86-7eedc7383a05,EvidLY,LinkedIn,Fire Prevention Month: the kitchen is the ignition point,2027-12-17
b10f5057-be63-441a-8982-b5eabb3daad5,EvidLY,LinkedIn,Fire Prevention Month: the kitchen is the ignition point,2027-12-02
b4add8e3-fc64-4318-a1d9-f52f744cca8b,EvidLY,LinkedIn,Fire Prevention Month: the kitchen is the ignition point,2028-01-14
4dadc013-7535-4151-826c-6becb66d5361,EvidLY,LinkedIn,Fire safety in the hottest month,2027-07-12
de312529-f2f3-474f-a3a1-09698a9d48a6,EvidLY,LinkedIn,Fire safety in the hottest month,2027-07-14
ddc99f09-196c-4bee-9d13-2e1de6058873,EvidLY,LinkedIn,Fire safety in the hottest month,2027-07-16
6cd14116-53ac-4b8e-a880-4df7b5635572,EvidLY,LinkedIn,Five documents decide most claims.,2028-03-21
61a1170e-b379-46f2-8912-4d83d5b3ca51,EvidLY,LinkedIn,Founder seats are filling.,2028-01-25
0b90a812-e7ec-46c8-ba59-ab4d232da12d,EvidLY,LinkedIn,"Founder window: 250 seats, no clock.",2026-10-20
3fbf9216-7649-4e9e-9257-0fcaa2ee0508,EvidLY,LinkedIn,Founder window: still open.,2027-06-08
a94bbba2-4069-4486-9514-7172ba1370b8,EvidLY,LinkedIn,Grease interception and the other authority,2029-02-13
e98471ef-76e6-46d3-89a0-7ce6e08685e8,EvidLY,LinkedIn,Grease interception and the other authority,2029-11-13
29412331-c894-462e-8100-4e917f6e7456,EvidLY,LinkedIn,Grease interception and the other authority,2027-02-23
fda332bf-8704-446b-8e62-57cef4e27b0f,EvidLY,LinkedIn,"Handler cards, CFPM, and the certification cliff",2027-07-12
26fc765d-adfd-4151-b1fe-0b0de8270ec3,EvidLY,LinkedIn,"Handler cards, CFPM, and the certification cliff",2027-08-09
0a45af80-7da2-458e-8002-0124ec2d60be,EvidLY,LinkedIn,"Handler cards, CFPM, and the certification cliff",2026-10-13
15813d1c-0514-4a58-b691-8f39a656a4ed,EvidLY,LinkedIn,"Heat, humidity, and holding temperature",2026-12-01
7a824215-6dcf-468c-912b-25b8e253cf7f,EvidLY,LinkedIn,"Heat, humidity, and holding temperature",2028-06-27
603853ac-14f8-4973-99a6-8826f499a0c4,EvidLY,LinkedIn,"Heat, humidity, and holding temperature",2028-01-18
f5f5d124-e717-42f2-9618-7b6767633f0d,EvidLY,LinkedIn,"Loss control: information, not accusation",2030-02-05
664f08af-e1c7-43d6-88be-1d79bb096d5a,EvidLY,LinkedIn,"Loss control: information, not accusation",2028-02-22
33920a6e-8762-4209-8a7c-632d686be4ff,EvidLY,LinkedIn,"Loss control: information, not accusation",2027-05-04
c67dc783-b07b-4f67-b5bd-7d035e4d1460,EvidLY,LinkedIn,Month one of the Founder window,2029-05-22
f0544aa4-6349-47dd-864e-72c650d2a92c,EvidLY,LinkedIn,Multi-location: what doesn't transfer,2030-03-04
1b875210-7a32-4984-81a9-e44128a3e3f8,EvidLY,LinkedIn,Multi-location: what doesn't transfer,2030-03-25
00b1148b-79b0-44f1-a971-3f40a345d64b,EvidLY,LinkedIn,Multi-location: what doesn't transfer,2030-02-05
a008ff28-40de-4bd8-870e-a4e380bea65e,EvidLY,LinkedIn,"New staff, old procedures",2028-10-04
2472c774-74c0-48fa-aa40-c3d62e3f2611,EvidLY,LinkedIn,"New staff, old procedures",2028-09-19
bec3807a-c83f-4b45-903e-5eefa4a25063,EvidLY,LinkedIn,"New staff, old procedures",2028-08-23
e9415615-4db1-4d5d-a5cc-4d78f9356f08,EvidLY,LinkedIn,NFPA 96 in plain English,2028-01-26
1de1bb14-d87e-49f7-b96b-d053729a5653,EvidLY,LinkedIn,NFPA 96 in plain English,2028-03-13
f45aabc3-d24d-437d-8cbd-5414c155568b,EvidLY,LinkedIn,NFPA 96 in plain English,2028-02-09
89524a40-27f8-4658-a57d-dff22fc34d3f,EvidLY,LinkedIn,One year of the Founder cohort,2027-07-21
cf1ed077-8317-40fc-9717-cff27b2ad679,EvidLY,LinkedIn,One year of the Founder cohort,2027-07-19
e0a16a48-15c7-4275-975f-017fee941a4c,EvidLY,LinkedIn,One year of the Founder cohort,2027-07-23
f1bd8bae-eda4-4532-afdc-067fefdfd6e0,EvidLY,LinkedIn,"Patio, outdoor, and mobile: the requirements change",2030-01-08
57158d1d-9f40-4444-9ef8-194e3e4f5a02,EvidLY,LinkedIn,"Patio, outdoor, and mobile: the requirements change",2027-11-23
773cf89b-5207-4a82-97f4-66b8c226908a,EvidLY,LinkedIn,"Patio, outdoor, and mobile: the requirements change",2028-05-16
eb630087-6fb2-4cd8-b4ee-5b7ddabbd925,EvidLY,LinkedIn,Peak season readiness,2029-11-27
ab49000a-318e-461b-b668-8ef6a1bff001,EvidLY,LinkedIn,Peak season readiness,2029-02-27
cd625fc4-d4d1-4e39-95fe-d9f75b3c2d19,EvidLY,LinkedIn,Peak season readiness,2029-07-03
4a1fb4e5-eb22-496b-ab75-7a7d942ab546,EvidLY,LinkedIn,"Pest, and the requirement that's always current",2027-08-24
aadbb707-e0ba-47ad-843b-0ed1c74ad8ea,EvidLY,LinkedIn,"Pest, and the requirement that's always current",2029-02-20
f0875f08-dc4d-499e-887d-2f18cf19361b,EvidLY,LinkedIn,"Pest, and the requirement that's always current",2029-12-25
5b62d17f-33d2-42dd-98c0-acf94e48b5aa,EvidLY,LinkedIn,Predict. Reduce. Prove.,2027-12-14
0f0385e4-1771-42d4-8682-2c7c3760cf66,EvidLY,LinkedIn,Predict. Reduce. Prove. — year two,2027-08-13
fefcfda2-1700-4b57-a4be-c540698cde90,EvidLY,LinkedIn,Predict. Reduce. Prove. — year two,2027-08-09
d801ccc9-7aa5-4712-8e6b-8ed19c8ef0e3,EvidLY,LinkedIn,Predict. Reduce. Prove. — year two,2027-08-11
425e7b63-7327-47bc-96c9-cd1b12115ed4,EvidLY,LinkedIn,"Prediction is a pattern, not a guess.",2027-07-13
5736f26b-c02b-4f76-b192-d3ae8faac807,EvidLY,LinkedIn,"Reduce, not prevent",2028-12-07
1fbe8b3d-58b2-45c7-9e7e-d74fb2faa518,EvidLY,LinkedIn,"Reduce, not prevent",2029-01-23
050e1bd8-f0a5-4d41-82e3-80bcc2b37512,EvidLY,LinkedIn,"Reduce, not prevent",2029-01-02
85a0b84b-a9dd-4ddb-b783-84a9be555a31,EvidLY,LinkedIn,Refrigeration: recovery time over temperature,2028-08-22
3039ece8-a953-458a-a83d-82ca7797675e,EvidLY,LinkedIn,Refrigeration: recovery time over temperature,2027-04-06
40a93d32-d2b0-4690-b289-b1856a2a1f4b,EvidLY,LinkedIn,Refrigeration: recovery time over temperature,2027-06-22
5442f453-efec-4cf9-9f5d-b0d1b23d29e9,EvidLY,LinkedIn,"Selling, buying, and the diligence file",2027-10-26
c1915e3e-4978-42ba-9749-2dc278f7c18f,EvidLY,LinkedIn,"Selling, buying, and the diligence file",2029-05-15
ba1cd9d3-aba4-4fbf-b549-5eef9eb8a745,EvidLY,LinkedIn,"Selling, buying, and the diligence file",2027-07-09
b621928e-326a-4998-a493-2e6e32673139,EvidLY,LinkedIn,Setting the year: what to fix first,2029-10-12
9450f7ce-db9d-48bb-a343-e0a55810bcbf,EvidLY,LinkedIn,Setting the year: what to fix first,2029-09-03
f5e5412c-a5cc-4dec-a22b-aa0fc0786673,EvidLY,LinkedIn,Setting the year: what to fix first,2029-09-20
fbb8a80c-0a15-4dca-b747-4b1adeb6bd2e,EvidLY,LinkedIn,Spring inspection season opens,2030-02-19
93bd1f9c-41cb-4acd-b675-4c53b3f9f048,EvidLY,LinkedIn,Spring inspection season opens,2028-10-17
c73889be-6210-4906-8669-237e9fa25e38,EvidLY,LinkedIn,Spring inspection season opens,2029-05-29
8bff47e1-7fe9-4d37-aa23-6c0e72837f4e,EvidLY,LinkedIn,"Summer volume, shorter intervals",2028-09-12
13812696-b7b0-413f-9990-9e2eac26edb4,EvidLY,LinkedIn,"Summer volume, shorter intervals",2026-11-24
02ed37f8-049e-41fc-9e63-26f5a479fcb1,EvidLY,LinkedIn,"Summer volume, shorter intervals",2026-09-22
fe8f5a1d-22a3-486d-835e-e946f8cdfc34,EvidLY,LinkedIn,Suppression service life,2030-03-26
d8969ff5-eeb3-42b9-addd-9c6783eaf5ca,EvidLY,LinkedIn,Suppression service life,2029-08-28
e4ae734f-495b-4cef-9770-71eff5c6046c,EvidLY,LinkedIn,Suppression service life,2029-10-23
5d6f992d-765f-4120-acb2-03ce9baae5d3,EvidLY,LinkedIn,Suppression: the system that gives you no feedback,2028-04-28
67396ede-9319-4217-a556-39240d050967,EvidLY,LinkedIn,Suppression: the system that gives you no feedback,2028-03-17
38eaaba2-5b8e-4dc3-97b3-edbeac28847c,EvidLY,LinkedIn,Suppression: the system that gives you no feedback,2028-04-03
6ae6a25c-d356-4e32-ab77-216aea7b571d,EvidLY,LinkedIn,The claim you'll never file,2028-02-29
56da6330-7e36-46ed-b7a8-77175250c90c,EvidLY,LinkedIn,The claim you'll never file,2027-11-16
6b93892d-3fbf-482c-b67c-49efa892b06e,EvidLY,LinkedIn,The claim you'll never file,2028-03-07
43da1cd0-a419-4307-ae4e-c24485551597,EvidLY,LinkedIn,The compliance budget conversation,2029-11-19
3b761e32-3d4b-412f-b79c-7befc70d1733,EvidLY,LinkedIn,The compliance budget conversation,2029-10-25
4d4f0fb0-8e99-49a3-a235-49da4e2ee902,EvidLY,LinkedIn,The compliance budget conversation,2029-11-30
c42c3d47-0529-4bcd-941c-fea9205720e2,EvidLY,LinkedIn,The equipment you're going to replace this year,2030-05-14
06888c26-2f0b-46ba-a966-0379e521430c,EvidLY,LinkedIn,The equipment you're going to replace this year,2030-04-03
e75215c1-b6c9-478d-8bfb-20c79108901b,EvidLY,LinkedIn,The equipment you're going to replace this year,2030-04-23
f1931614-e5a5-470b-b94f-92e4a895290f,EvidLY,LinkedIn,The fire was survivable. The denial wasn't.,2030-01-01
4cfa995a-38a8-436c-8744-b97e63330ffe,EvidLY,LinkedIn,"The five temperature logs, not one",2027-09-14
63217444-73aa-4878-acfb-06307887d5a9,EvidLY,LinkedIn,"The five temperature logs, not one",2028-02-01
a70d49cc-7298-442a-8a59-7c78e1b4ec1d,EvidLY,LinkedIn,"The fryer, the thermostat, and the fire",2029-01-30
a1cb8a27-585e-44a3-830b-f61bd2888ba6,EvidLY,LinkedIn,"The fryer, the thermostat, and the fire",2028-12-26
f1f1fdc0-d10b-4c41-845b-7ee9fc930fba,EvidLY,LinkedIn,"The fryer, the thermostat, and the fire",2030-01-15
1b672b4b-15d9-4b74-b47f-0fb0444641e3,EvidLY,LinkedIn,The mid-year proof check,2026-12-22
77f4c6cd-02ea-42a8-9c34-6bdf676cc462,EvidLY,LinkedIn,The mid-year proof check,2028-05-23
79f8b289-e015-449f-92b2-24366fe53d27,EvidLY,LinkedIn,The mid-year proof check,2028-06-13
7f028382-3246-4652-b590-a98aafc21e99,EvidLY,LinkedIn,The next 169,2027-08-04
306fd1f6-6fba-4b72-967c-a85f261e07e7,EvidLY,LinkedIn,The next 169,2027-08-02
1fa84352-7b19-453a-bf6c-0bff3682471d,EvidLY,LinkedIn,The next 169,2027-08-06
d9c77880-677e-459a-bf74-bd14e82ab24c,EvidLY,LinkedIn,The pre-Q4 walkthrough,2027-11-24
1ccf31f1-e923-45c7-8be3-26f4f8499f85,EvidLY,LinkedIn,The pre-Q4 walkthrough,2027-11-01
a8dab833-0f13-49d8-a558-a29a1740d3b8,EvidLY,LinkedIn,The pre-Q4 walkthrough,2027-10-08
324d7d5b-c775-4b1c-8e2f-e00786ab756e,EvidLY,LinkedIn,The quiet week,2029-07-09
fd142344-f0d1-47bd-9b64-4dac2094d9fc,EvidLY,LinkedIn,The quiet week,2029-08-01
a6c16cdd-0078-4223-846b-cece2bf0f2e1,EvidLY,LinkedIn,The quiet week,2029-08-22
a1c11fb7-e35e-454e-b668-9af80925c4d7,EvidLY,LinkedIn,The record at eleven months,2028-12-19
929931b3-5065-4a0d-8ea3-774e3f95f52b,EvidLY,LinkedIn,The record at eleven months,2028-09-26
1f98617a-5f0c-4020-bc75-86e37ad99c9a,EvidLY,LinkedIn,The record at eleven months,2027-02-02
433a74e9-a3ec-4e4a-bff3-4b7d03a0133a,EvidLY,LinkedIn,The renewal your carrier is already reviewing,2029-05-07
7f263b63-ea83-473b-a650-1b84f0ca848f,EvidLY,LinkedIn,The renewal your carrier is already reviewing,2029-04-16
7d8b33ae-1a64-432f-975f-467e3ac25d4f,EvidLY,LinkedIn,The renewal your carrier is already reviewing,2029-03-27
cd834cc3-02bd-4489-bed3-7a37a2aea0e0,EvidLY,LinkedIn,The Thanksgiving load test,2028-10-17
11150865-66bf-4c25-8a0e-fd5e918fe3c9,EvidLY,LinkedIn,The Thanksgiving load test,2028-11-02
f2186a5f-99e6-4157-b1b2-2d94d3ce3864,EvidLY,LinkedIn,The Thanksgiving load test,2028-11-29
1257f872-8c9f-4ab0-b2a8-2497e71591cc,EvidLY,LinkedIn,The training refresh before summer staffing,2026-11-17
970fc9ac-3929-4fec-a5e8-ff76fd1c6140,EvidLY,LinkedIn,The training refresh before summer staffing,2028-11-07
2ac3b1fd-7c88-433f-9a3d-1421068398da,EvidLY,LinkedIn,The training refresh before summer staffing,2027-03-02
6d865c26-b4c2-473b-8b9b-57e214775e5b,EvidLY,LinkedIn,The vendor knew more than the owner. That's backwards.,2028-03-28
98f007ba-eb83-45ed-a1fb-36a86930aee7,EvidLY,LinkedIn,There is no 'the health department.',2028-11-14
1f5adb2e-f1af-4e26-8f08-eb9ffb564691,EvidLY,LinkedIn,Two authorities. Two views. Never mixed.,2027-01-19
4a66536e-d2c8-4083-a832-c09eaee12f88,EvidLY,LinkedIn,"Ventilation, airflow, and the summer ahead",2027-08-31
02d2bc09-e2e3-4dca-8ad1-7bddb87a3f1a,EvidLY,LinkedIn,"Ventilation, airflow, and the summer ahead",2026-09-15
b14424c4-2356-4ba8-b886-852e94866340,EvidLY,LinkedIn,"Ventilation, airflow, and the summer ahead",2029-03-20
bccea396-e21e-440d-9c97-94bb6df5460c,EvidLY,LinkedIn,Volume changes your interval,2028-07-18
ec1162ea-3fe4-41ab-a852-db84397bae79,EvidLY,LinkedIn,Volume changes your interval,2028-07-03
3a7d93e8-9e87-402f-88ff-d2778526fc34,EvidLY,LinkedIn,Volume changes your interval,2028-08-17
8d253c71-3468-4dd1-9238-7906740875d2,EvidLY,LinkedIn,What 2026 taught us,2029-07-03
798161b0-4bd1-476e-aff1-ac2844168578,EvidLY,LinkedIn,What 2026 taught us,2029-06-11
610916ef-6d88-48b1-98e4-9d357a6faeb3,EvidLY,LinkedIn,What 2026 taught us,2029-05-15
77987635-cd96-46c7-b185-445f9410c8f0,EvidLY,LinkedIn,What a fire marshal sees that you don't,2028-06-05
0a2f142a-c5bf-4924-baf6-5c8309abef3e,EvidLY,LinkedIn,What a fire marshal sees that you don't,2028-05-10
c65d3a9c-ae22-4869-8a69-2855f9deab26,EvidLY,LinkedIn,What a fire marshal sees that you don't,2028-06-16
b5fc2ab7-af7a-4d13-9539-0a5c70af30cb,EvidLY,LinkedIn,What a Founder seat locks,2029-04-03
4b5a8049-98c2-4506-835c-697b976547eb,EvidLY,LinkedIn,What a kitchen under two authorities taught me,2027-09-07
55ed75da-fa34-4637-9671-3fb0ed895c90,EvidLY,LinkedIn,What changed in the rules this year,2027-07-26
1c3e6518-287f-43a8-a96b-217714fd9107,EvidLY,LinkedIn,What changed in the rules this year,2027-07-30
b7701142-e129-46a5-a2d3-464059e00b66,EvidLY,LinkedIn,What changed in the rules this year,2027-07-28
64a12f36-3724-4e9e-a953-d58857471516,EvidLY,LinkedIn,What I want the first 250 to know,2028-02-15
f9d62f59-3a4b-4e20-82ae-50222d071aa7,EvidLY,LinkedIn,What we got wrong,2030-02-12
46e090f1-ba40-4cfb-8997-22299844c789,EvidLY,LinkedIn,What we got wrong,2027-07-27
01b56035-c3df-40e0-9b88-d3bec610e37c,EvidLY,LinkedIn,What we got wrong,2026-09-01
2f180fc7-d8c0-4818-9362-227f9308ca3b,EvidLY,LinkedIn,What your carrier actually asks for,2030-05-27
7a2edf74-7998-4f6a-8e62-b858209f7245,EvidLY,LinkedIn,What your carrier actually asks for,2030-05-31
fe5249a6-0bb3-4e4a-bbad-b179b7bfbb09,EvidLY,LinkedIn,What your carrier actually asks for,2030-03-12
1b30d914-fbf1-40b1-b636-fe895fc76802,EvidLY,LinkedIn,Why I won't use the word 'prevent.',2026-12-15
d34ba101-2903-4360-ad26-1c001347ee9b,EvidLY,LinkedIn,Why insurance is the sharpest lens on compliance,2029-07-24
3691d744-1f56-413d-8c67-9306a7dcda5b,EvidLY,LinkedIn,Your first inspection of the year,2030-01-25
af36afe2-74c0-4bac-ae80-7716aca6e050,EvidLY,LinkedIn,Your first inspection of the year,2029-12-31
f3ee1a28-3016-4257-a2eb-9564cec2f7a5,EvidLY,LinkedIn,Your first inspection of the year,2029-12-18
c1ce13fd-79cc-4d95-86b1-5f1c11d34270,EvidLY,X,Claims,2029-03-27
7e4506f4-354c-4b58-80a0-9f7bae5e3cdb,EvidLY,X,Clarity,2028-03-14
4fc3586a-1a72-4d4d-8d83-5101e15f7c53,EvidLY,X,Close the year with a complete record,2029-02-01
71633c10-c03e-470b-8389-b1c6d53ea763,EvidLY,X,Close the year with a complete record,2029-02-23
fd969e4f-ead1-4070-955c-361ab8b195fe,EvidLY,X,Close the year with a complete record,2029-03-16
40001aab-25cc-4eae-9bdd-0754b00bb36a,EvidLY,X,County take,2027-05-18
e6ef0abe-d9bf-47ce-ac83-edda1c24989e,EvidLY,X,Coverage,2029-11-20
e7cd51d1-2724-4a42-ac34-cb5c23351c98,EvidLY,X,"Coverage, exclusions, and the fine print",2029-11-27
5ac8f97f-11d0-4431-87af-39afb8fb723b,EvidLY,X,"Coverage, exclusions, and the fine print",2027-11-09
d78ed430-c21d-4282-8b96-4712d60d173b,EvidLY,X,"Coverage, exclusions, and the fine print",2029-08-14
90b42980-ee3e-4dbd-85a9-781f892d3243,EvidLY,X,Cross-contact and the allergen requirement most kitchens miss,2027-08-18
0cce8ea3-3e50-4c5e-b9cf-a48b1dbafee6,EvidLY,X,Cross-contact and the allergen requirement most kitchens miss,2027-09-30
8cad7590-7b5a-499d-bde9-9966936f4fa2,EvidLY,X,Cross-contact and the allergen requirement most kitchens miss,2027-09-07
9f31b50c-7b8a-472f-a83c-8598bcec0891,EvidLY,X,Dual pillar,2028-09-26
197d82e4-746a-4b8a-8f56-7c4053c13c6b,EvidLY,X,Exhaust fans and the failure you can hear,2026-12-08
bc27e0a1-aa88-49bf-a8c2-5fc65a015db0,EvidLY,X,Exhaust fans and the failure you can hear,2029-02-20
36b3c0d8-6096-4771-8604-fcd2b9f67331,EvidLY,X,Exhaust fans and the failure you can hear,2027-04-06
6778260f-f04f-488d-982b-979e63a9d5d5,EvidLY,X,Feature,2028-01-11
5f182e31-f420-40c5-95c3-cbf9fde2c723,EvidLY,X,Fire Prevention Month: the kitchen is the ignition point,2028-01-13
48386e42-e6c1-43c9-8ef4-324a70afdb64,EvidLY,X,Fire Prevention Month: the kitchen is the ignition point,2027-12-24
e90075cf-85d5-4924-8cca-73024a54571e,EvidLY,X,Fire Prevention Month: the kitchen is the ignition point,2027-11-30
6066367c-acdf-473e-82f6-21f763c69e89,EvidLY,X,Fire safety in the hottest month,2027-07-12
1984bde1-1b77-4ce3-82fd-055f0ee59347,EvidLY,X,Fire safety in the hottest month,2027-07-14
db4a783f-0cd1-4298-85ae-aa1a9adcd0e2,EvidLY,X,Fire safety in the hottest month,2027-07-16
00ea291d-6631-48ba-aa38-e47fea47fd0e,EvidLY,X,Founder,2026-08-25
b0a884b8-18e0-47d9-be7e-640b57560225,EvidLY,X,Founder,2028-12-19
5f6bc2e1-21ae-4e98-b1f3-971c899ece2a,EvidLY,X,Grease interception and the other authority,2027-12-14
0b54ad7c-b6c5-4675-b84b-95125bee4d22,EvidLY,X,Grease interception and the other authority,2026-10-13
3aecf31e-b266-4748-bd7e-8a217d36c76f,EvidLY,X,Grease interception and the other authority,2027-04-13
aecaee50-95f8-462f-b4a3-0c951cf578f3,EvidLY,X,"Handler cards, CFPM, and the certification cliff",2027-08-05
1a609d03-c1a9-4b73-a9e2-ae23a8c03700,EvidLY,X,"Handler cards, CFPM, and the certification cliff",2027-07-19
583f88ee-5a2b-47b3-931a-6fde828544d4,EvidLY,X,"Handler cards, CFPM, and the certification cliff",2027-10-19
50855f1c-a645-4fdf-8007-8c7e71582137,EvidLY,X,"Heat, humidity, and holding temperature",2027-08-31
2a3d930e-52d0-4529-8d64-477339daac0e,EvidLY,X,"Heat, humidity, and holding temperature",2027-01-19
b6a60d6f-b706-4c8e-a73d-b1c1b7b42a16,EvidLY,X,"Heat, humidity, and holding temperature",2029-01-16
456fe1f0-67c6-412c-a992-7638e49383da,EvidLY,X,"Loss control: information, not accusation",2027-06-15
9981c522-cfb6-4ffd-964f-f03d9656da37,EvidLY,X,"Loss control: information, not accusation",2028-09-05
a81fbc0a-0ee3-4a6c-a341-8a7299a1c5df,EvidLY,X,"Loss control: information, not accusation",2028-11-21
90f9a891-55f4-437e-a458-872cca96d0f4,EvidLY,X,Mechanism,2028-08-01
4cf58a49-58c8-4f0d-b45f-e19d9f4726ad,EvidLY,X,Multi-location: what doesn't transfer,2030-03-21
a5d6348a-8774-4696-bac7-1e26443ce344,EvidLY,X,Multi-location: what doesn't transfer,2030-02-26
d508eef3-e0e8-4fc8-bb38-60928394d5b7,EvidLY,X,Multi-location: what doesn't transfer,2030-02-06
4113bd74-5086-46ea-8b04-1ccaac449247,EvidLY,X,"New staff, old procedures",2028-10-09
65c1dbd2-bbbe-4552-a1c4-1795f75a7cd2,EvidLY,X,"New staff, old procedures",2028-09-15
963b84a4-8cc3-4af1-81a2-76ae2d53f3f8,EvidLY,X,"New staff, old procedures",2028-08-24
a016abf7-1747-4384-b9d0-ba54cf91aa79,EvidLY,X,NFPA 96 in plain English,2028-01-24
f7a5f413-2ef5-4880-b16b-6e650a1b0de2,EvidLY,X,NFPA 96 in plain English,2028-03-10
ca945b8b-1f3e-46f5-92b3-e2e9f3961419,EvidLY,X,NFPA 96 in plain English,2028-02-17
13322477-5d85-4b67-a63d-1efb20eaa546,EvidLY,X,One year of the Founder cohort,2027-07-19
d406a75f-6c3c-4144-a4af-b77b9ebc391c,EvidLY,X,One year of the Founder cohort,2027-07-21
be0bcb08-e349-45a9-b929-f6baf97572c2,EvidLY,X,One year of the Founder cohort,2027-07-23
d333ac72-25ef-49de-86b1-4b0ad36f5405,EvidLY,X,"Patio, outdoor, and mobile: the requirements change",2029-07-31
a3672960-8f20-40a2-85da-7d3a506311ae,EvidLY,X,"Patio, outdoor, and mobile: the requirements change",2028-10-24
878a9cb7-7259-4916-a616-443cac57c791,EvidLY,X,"Patio, outdoor, and mobile: the requirements change",2028-05-23
4e558229-ca12-4ca9-8a4f-f56cd82b9aff,EvidLY,X,Peak season readiness,2027-08-24
df3eb9a1-986f-4c3b-9d4a-0dec274b54c0,EvidLY,X,Peak season readiness,2029-10-02
4e380c8b-a745-48f3-8175-227251f703d3,EvidLY,X,Peak season readiness,2027-08-17
4de26fa1-72ec-4b0b-996e-c6d0f23c160a,EvidLY,X,"Pest, and the requirement that's always current",2027-08-10
5f4ba80d-ce8c-4a1f-8c45-be6f60f8cbf4,EvidLY,X,"Pest, and the requirement that's always current",2027-12-07
f7d54d80-1d15-44d7-8c28-0afe86c4860e,EvidLY,X,"Pest, and the requirement that's always current",2030-01-22
59c9c2e1-ad89-4a4a-a227-71f818056fcd,EvidLY,X,Predict. Reduce. Prove. — year two,2027-08-09
471ce25c-760f-48a7-a870-ab8212190980,EvidLY,X,Predict. Reduce. Prove. — year two,2027-08-11
99c3140a-4b9a-4336-a03f-fd6505cd5819,EvidLY,X,Predict. Reduce. Prove. — year two,2027-08-13
e9773cda-3e96-4155-8a1b-8597be82ed57,EvidLY,X,Prediction,2029-12-04
fe27beb6-adcb-4bce-9ebd-4cd33c09107e,EvidLY,X,Prevent,2030-02-12
d18d45ca-25cd-4113-b340-63b6b2161f6a,EvidLY,X,Proof,2029-07-17
9d96285e-14a9-4d26-b203-3ee0a5196f5d,EvidLY,X,Prove,2028-09-12
8e865c4d-bf11-44c4-b0ab-390df13dad84,EvidLY,X,PRP,2028-07-25
a9ed83ba-043d-4be5-8a1f-9efedd4fb151,EvidLY,X,"Reduce, not prevent",2028-12-06
6fa946be-b01a-41ca-8e85-f1e5429f6345,EvidLY,X,"Reduce, not prevent",2028-12-26
207f9792-ece9-41a1-ab59-70492f3b4744,EvidLY,X,"Reduce, not prevent",2029-01-18
cb03ff4f-b37e-461e-9358-66b4d059a762,EvidLY,X,Refrigeration: recovery time over temperature,2029-05-29
db262532-06ea-4e0f-b042-3e210116dafa,EvidLY,X,Refrigeration: recovery time over temperature,2029-09-04
2b8eb12f-f21a-48fd-af59-37a0431ca29d,EvidLY,X,Refrigeration: recovery time over temperature,2027-01-26
677016ea-5f38-4aa8-9f96-bef57af11099,EvidLY,X,"Selling, buying, and the diligence file",2028-01-04
cd3e30b5-855b-4a79-86b5-4b6d5474cde9,EvidLY,X,"Selling, buying, and the diligence file",2027-07-09
3bc59757-074d-4528-9f6e-0350ca05632d,EvidLY,X,"Selling, buying, and the diligence file",2027-04-20
16ecf903-14b4-4a6d-ae16-96f9e72992c3,EvidLY,X,Setting the year: what to fix first,2029-08-29
ba230397-2113-43f9-97ca-2bd5c5c57958,EvidLY,X,Setting the year: what to fix first,2029-09-24
81f6aa17-4539-4524-b1e6-edd512fd6017,EvidLY,X,Setting the year: what to fix first,2029-10-18
bfc7d43a-b94c-4d9b-b9f4-7858ef6afa2f,EvidLY,X,Spring inspection season opens,2029-03-20
da4501c0-1dbc-40f1-8058-ac14d99c4a6b,EvidLY,X,Spring inspection season opens,2029-08-28
87689a97-c3e5-4d33-a451-c42eecea4c58,EvidLY,X,Spring inspection season opens,2028-05-16
663a1ab7-d9aa-4730-9880-02c5e204d564,EvidLY,X,Standard,2027-12-28
f5e05bc2-cd65-425a-9597-58148fab989d,EvidLY,X,"Summer volume, shorter intervals",2030-01-15
c887d649-7d2f-4fbc-b7ca-62d2217dd036,EvidLY,X,"Summer volume, shorter intervals",2029-05-08
5c691e13-0252-4bef-91db-b859ad7dda5b,EvidLY,X,"Summer volume, shorter intervals",2027-11-23
b48856a4-5e12-40d0-981d-1306e965d021,EvidLY,X,Suppression service life,2029-01-09
87e7044b-1d8a-435f-b7a0-5fdff76e2ea4,EvidLY,X,Suppression service life,2028-05-30
52d1c446-32e3-4748-9689-e094854f14d8,EvidLY,X,Suppression service life,2027-09-07
632bbf3c-2546-4071-ab1c-900b12c4daef,EvidLY,X,Suppression: the system that gives you no feedback,2028-03-15
3ccd0534-22d1-48f2-8e89-78f67de185f0,EvidLY,X,Suppression: the system that gives you no feedback,2028-04-12
c924c861-7335-4614-948a-c80d60fa8fdb,EvidLY,X,Suppression: the system that gives you no feedback,2028-05-04
467bb813-1647-4e7d-86b2-5fa7a4877b8b,EvidLY,X,The claim you'll never file,2027-06-22
f86ac419-91b2-4332-96be-b0a39dcc7d29,EvidLY,X,The claim you'll never file,2030-01-29
a12efb28-d0bc-4351-b121-013181641006,EvidLY,X,The claim you'll never file,2028-10-03
885148a0-ef23-4f58-97f5-acfcc6ebc886,EvidLY,X,The compliance budget conversation,2029-12-04
7d5a970e-5eb6-4500-80e8-11960b9a7b91,EvidLY,X,The compliance budget conversation,2029-11-09
3b1ee3e5-43d5-4e19-a468-81092312b4d3,EvidLY,X,The compliance budget conversation,2029-10-24
4b46e0f8-fc33-489b-82b4-4818d81f0ef9,EvidLY,X,The equipment you're going to replace this year,2030-04-26
ba55bf18-98ff-4596-8b94-9f0a3865048f,EvidLY,X,The equipment you're going to replace this year,2030-04-02
62b0bd2d-d443-464a-a948-78a0edf7ba46,EvidLY,X,The equipment you're going to replace this year,2030-05-15
a7b7c0c3-e1cf-4706-918b-fc6714918643,EvidLY,X,"The five temperature logs, not one",2028-11-14
d0b75cce-0199-479f-88a1-5c41be9c6233,EvidLY,X,"The five temperature logs, not one",2029-07-10
ea523e40-b6ca-47d8-a6d3-4d45f3a4cddd,EvidLY,X,"The five temperature logs, not one",2029-12-11
07d22238-56e1-4b39-a6f1-12c2999ae95d,EvidLY,X,"The fryer, the thermostat, and the fire",2026-09-29
43141dcd-05b9-472b-997a-7fd1948cab9d,EvidLY,X,"The fryer, the thermostat, and the fire",2027-06-08
ed00d7e2-697d-4e9c-9de4-213883d1c271,EvidLY,X,"The fryer, the thermostat, and the fire",2029-12-25
db4b5220-a646-4db9-aef6-cc8e21cd3225,EvidLY,X,The mid-year proof check,2029-09-11
8c70d9ea-defe-432e-96cb-033cebfd74ba,EvidLY,X,The mid-year proof check,2028-07-18
776fafa3-ff8f-41af-ba3b-e45afd549089,EvidLY,X,The mid-year proof check,2028-02-29
0474ed9b-cf8a-4fea-ad24-407e283b662e,EvidLY,X,The next 169,2027-08-04
91e6f730-be05-4a39-a54c-e884dbb59732,EvidLY,X,The next 169,2027-08-06
8649fd6a-e0f5-4e82-bf3e-fbb2a03506e3,EvidLY,X,The next 169,2027-08-02
ab9cf441-efb7-4871-b9cc-3f1d18608b6c,EvidLY,X,The pre-Q4 walkthrough,2027-11-26
f983b224-cf32-4b2b-8a76-b2a1eca98539,EvidLY,X,The pre-Q4 walkthrough,2027-10-26
01ad67b7-26ce-4108-85c9-ca5c9a846306,EvidLY,X,The pre-Q4 walkthrough,2027-10-07
2509fc21-f142-4858-b5d2-00a7d6633fe2,EvidLY,X,The quiet week,2029-08-16
eb74402f-852e-43b3-8e09-ff455d017a9b,EvidLY,X,The quiet week,2029-07-27
a4703b8e-9ee4-4577-8a71-08460218a529,EvidLY,X,The quiet week,2029-07-11
f0055b86-0402-42f4-9e15-4c8bd2becfdf,EvidLY,X,The record at eleven months,2030-01-08
47ba098b-c254-4996-83c2-958702d8225c,EvidLY,X,The record at eleven months,2027-07-06
1290ee7b-0b8c-4f20-8432-bc9e3f635a17,EvidLY,X,The record at eleven months,2026-10-27
f344c3f9-448a-4565-b14d-3484d8ac7003,EvidLY,X,The renewal your carrier is already reviewing,2029-04-09
ddeef22f-f003-47dd-a81c-117f71095c02,EvidLY,X,The renewal your carrier is already reviewing,2029-03-26
a587dca7-6de5-42e8-a772-c2aca2bd1982,EvidLY,X,The renewal your carrier is already reviewing,2029-05-11
d6d65a0e-6911-4b5f-b423-5f1ca6d8aa41,EvidLY,X,The Thanksgiving load test,2028-10-16
06ecc3e5-28a3-4af0-be25-623bd1f94eed,EvidLY,X,The Thanksgiving load test,2028-11-24
eb488c59-294d-4a89-b957-5000d88aca9b,EvidLY,X,The Thanksgiving load test,2028-11-08
b3268889-4382-48ee-b2f6-8431b8ef184e,EvidLY,X,The training refresh before summer staffing,2029-01-02
cd47d727-4e79-48fa-8b16-5a4a23fc840a,EvidLY,X,The training refresh before summer staffing,2029-06-19
365957b0-a024-4273-aafa-0ad49386302a,EvidLY,X,The training refresh before summer staffing,2027-03-30
59beb3b0-29d7-4e90-a142-720a5494d45a,EvidLY,X,"Ventilation, airflow, and the summer ahead",2027-11-02
80f28daa-9f36-42f3-8462-abc8ecd959ab,EvidLY,X,"Ventilation, airflow, and the summer ahead",2028-03-28
1765b3b3-45a1-45fc-a0f7-3961a1921e19,EvidLY,X,"Ventilation, airflow, and the summer ahead",2026-12-01
88f95a8c-280c-4ad8-b263-5e57952d189e,EvidLY,X,Volume changes your interval,2028-08-16
a1db0159-5b9d-4330-be59-9daecbb903fa,EvidLY,X,Volume changes your interval,2028-07-04
2b92ebd8-5faa-42ed-be8c-2e36a48f1bcf,EvidLY,X,Volume changes your interval,2028-07-27
afd44775-9cee-45a2-8696-fcd719589513,EvidLY,X,What 2026 taught us,2029-06-25
18dee064-ef01-4721-9aeb-cb1c10e5cfb1,EvidLY,X,What 2026 taught us,2029-05-18
142d460d-cdd7-4789-99b3-a72fb2a1a98b,EvidLY,X,What 2026 taught us,2029-06-04
a7cd8e9f-2df6-4039-b0ee-82ba5664c008,EvidLY,X,What a fire marshal sees that you don't,2028-06-20
e0ca3f9f-f6c0-4c0c-8772-c60ff622bc77,EvidLY,X,What a fire marshal sees that you don't,2028-05-26
e838708a-748e-4509-a49e-dab6a855675d,EvidLY,X,What a fire marshal sees that you don't,2028-05-09
759378f8-aece-45e9-ab44-d56e8846e3cf,EvidLY,X,What changed in the rules this year,2027-07-28
18e55132-8422-4d62-9818-5fcdded265a9,EvidLY,X,What changed in the rules this year,2027-07-26
33bd58c7-d473-48a7-97a3-9028b55c399c,EvidLY,X,What changed in the rules this year,2027-07-30
c565fe32-d77c-4834-ad53-2b697bd2573b,EvidLY,X,What we got wrong,2029-04-17
82a57eca-6aac-4c62-bc08-6a104a44f4e7,EvidLY,X,What we got wrong,2028-04-04
897c9214-cc23-42f0-a716-6bcfc413655f,EvidLY,X,What we got wrong,2028-07-04
16356e21-8d1a-40b8-b67e-27535c2a1f2e,EvidLY,X,What your carrier actually asks for,2030-05-24
ba7137ae-19c6-4626-9b87-6a9d5d7eb30d,EvidLY,X,What your carrier actually asks for,2029-02-06
427b16a6-9116-44f1-9b00-56299c0fa150,EvidLY,X,What your carrier actually asks for,2027-05-25
098ab9ee-5435-4331-8cef-9d63a3de5dca,EvidLY,X,Your first inspection of the year,2030-01-02
2ea06b29-6850-415d-b5bc-ac7af59e59f6,EvidLY,X,Your first inspection of the year,2029-12-17
c047baed-b8e1-4abd-90ec-5a59c59af28d,EvidLY,X,Your first inspection of the year,2030-01-31
05920e54-06d7-402a-abfa-4ed0a63b9a37,EvidLY,YouTube,Close the year with a complete record,2029-02-16
501f155c-f482-4ebc-ab40-4e004cd521aa,EvidLY,YouTube,"Coverage, exclusions, and the fine print",2027-02-16
8cd1e7ae-7a43-4abd-b18e-93f52249d46c,EvidLY,YouTube,Cross-contact and the allergen requirement most kitchens miss,2027-09-02
6381bac7-cdd1-4ca5-8a38-5903836d77f6,EvidLY,YouTube,Exhaust fans and the failure you can hear,2027-03-09
aaf9f980-6c1f-44e6-b6eb-75441eb58d61,EvidLY,YouTube,Fire Prevention Month: the kitchen is the ignition point,2027-12-28
e539e488-f964-447b-9af3-0c1d995ec021,EvidLY,YouTube,Fire safety in the hottest month,2027-07-14
c55e8854-a784-4374-9418-27835672223d,EvidLY,YouTube,Grease interception and the other authority,2027-10-26
467c35c4-858f-4751-8dc1-d11ed6df6f77,EvidLY,YouTube,"Handler cards, CFPM, and the certification cliff",2027-07-16
86cccb91-0296-4d2b-8cd3-aea71da8f2ac,EvidLY,YouTube,"Heat, humidity, and holding temperature",2027-06-15
2780566a-0b78-466a-8c19-d54ae434643c,EvidLY,YouTube,"Loss control: information, not accusation",2026-10-27
7fbf7c54-4c44-46bf-a795-5b86e705326f,EvidLY,YouTube,Multi-location: what doesn't transfer,2030-02-25
b0ce7087-713b-40bd-8357-610b3914c223,EvidLY,YouTube,"New staff, old procedures",2028-09-12
941e26e0-2112-4f2e-98b9-2b8939b7389a,EvidLY,YouTube,NFPA 96 in plain English,2028-02-08
0c8eb7f4-6a89-432c-bd9f-68ba1f6bbcef,EvidLY,YouTube,One year of the Founder cohort,2027-07-21
e9f24898-9a93-4ca8-92a4-4ad2534f2ab2,EvidLY,YouTube,"Patio, outdoor, and mobile: the requirements change",2027-12-21
31dfe7f5-018a-4d11-91cb-91bd896672fd,EvidLY,YouTube,Peak season readiness,2026-12-01
fbc1d077-49cd-44e9-8911-fb3b3d53fa1e,EvidLY,YouTube,"Pest, and the requirement that's always current",2028-02-29
030aac74-0231-4c23-bacb-c8c922181dee,EvidLY,YouTube,Predict. Reduce. Prove. — year two,2027-08-11
edeb390a-f8e8-4e53-a68c-a05ae30afa80,EvidLY,YouTube,Prove: the capability nobody builds until they need it (8-10 min),2028-01-18
bd0be098-3bf9-47d4-bf69-4df4d7545a2d,EvidLY,YouTube,"Reduce, not prevent",2028-12-28
bcd1086d-a5c4-43eb-ae9a-b4d5053cd6b6,EvidLY,YouTube,Refrigeration: recovery time over temperature,2027-10-12
40251946-5b50-4c31-8596-478e2c6c65be,EvidLY,YouTube,"Selling, buying, and the diligence file",2027-01-05
30d61154-18b9-4cec-808d-7fc3689bdcd4,EvidLY,YouTube,Setting the year: what to fix first,2029-09-26
7c73b05a-f994-45c4-9a22-0ea215a65b7a,EvidLY,YouTube,Spring inspection season opens,2027-05-04
078c6fb6-7d70-4aad-a26e-f44f41e9f7e2,EvidLY,YouTube,"Summer volume, shorter intervals",2026-09-15
87de05a8-c59f-4a3d-a7b6-9dd3b176cf97,EvidLY,YouTube,Suppression service life,2027-06-22
a10ca7de-0f73-4ed9-8bca-2eb4367c9acb,EvidLY,YouTube,Suppression: the system that gives you no feedback,2028-04-11
6e86c8c3-ad8d-4794-b6c5-04d9a36387aa,EvidLY,YouTube,The 5 documents that decide your insurance claim (10-12 min),2027-03-23
dcb00926-6262-4b16-ac18-b44c39b1ca02,EvidLY,YouTube,The claim you'll never file,2027-11-23
6ca13330-1e55-44d9-9f62-6a05e1e478da,EvidLY,YouTube,The compliance budget conversation,2029-11-08
c25d7463-f49d-48be-81bd-40b5d0eef223,EvidLY,YouTube,The equipment you're going to replace this year,2030-04-16
2e315753-d737-4e66-bc8f-06975ead0dcf,EvidLY,YouTube,"The five temperature logs, not one",2026-11-10
39c50654-c133-44bb-97bd-11c4271beefc,EvidLY,YouTube,"The fryer, the thermostat, and the fire",2026-12-29
4a76ec83-d25a-4b4b-b9fc-234f9fc43fe6,EvidLY,YouTube,The mid-year proof check,2027-01-26
ff47b7d9-39a1-4444-b7e0-77edc92bb433,EvidLY,YouTube,The next 169,2027-08-04
f5da30ac-50be-46f6-979e-2e7fb6607666,EvidLY,YouTube,The pre-Q4 walkthrough,2027-10-29
eeb0dcb4-46f1-4e48-ac82-085fdb783956,EvidLY,YouTube,The quiet week,2029-07-26
8589a68f-6a9a-46f9-872d-575dc0a915a3,EvidLY,YouTube,The record at eleven months,2027-06-08
cd9fd530-c0de-4b8f-bcff-e0a9ed8cdd5f,EvidLY,YouTube,The renewal your carrier is already reviewing,2029-04-12
070faba9-592f-4f97-859e-5c51096a7c0e,EvidLY,YouTube,The single compliance score is a lie — and what to use instead (7-9 min),2026-09-08
9cb1b889-dbb6-4db5-ac15-6229fb65e1fa,EvidLY,YouTube,The Thanksgiving load test,2028-11-10
33683132-96bf-49a2-8e96-7909aa01d4eb,EvidLY,YouTube,The training refresh before summer staffing,2026-12-15
79934dba-d4bf-4854-ad1c-5c4dd82f105d,EvidLY,YouTube,"Ventilation, airflow, and the summer ahead",2027-04-20
55149d9c-deda-4a7d-ab38-0928eb860cd5,EvidLY,YouTube,Volume changes your interval,2028-07-17
a99a65a8-817b-4d46-bcd6-b653b81336b6,EvidLY,YouTube,What 2026 taught us,2029-05-31
9caab691-bd41-44cc-88dc-0c692d614097,EvidLY,YouTube,What a fire marshal sees that you don't,2028-05-31
07fd4ad6-0e9d-4308-9187-e2d75067d0cb,EvidLY,YouTube,What changed in the rules this year,2027-07-28
ebc04d36-2bdd-48e2-8a52-6a02c38e4b50,EvidLY,YouTube,What we got wrong,2028-01-04
5e95b7f7-95a0-42ca-9cf3-ac61ea47fe0a,EvidLY,YouTube,What your carrier actually asks for,2027-03-02
2240ef8a-99c6-4f60-9c5c-659d1d008634,EvidLY,YouTube,Why your county scores your kitchen differently than the county next door (8-10 min),2026-10-13
2c4c4e5a-c873-400f-b612-eb75d05a9890,EvidLY,YouTube,Your first inspection of the year,2030-01-09
2ef9752d-7021-45bb-a8e8-16fe3fdb594f,EvidLY,YouTube,Your walk-in told you 90 days ago (8-10 min),2026-11-17
905928e8-2070-46d1-a1b7-65e21ce6f3fc,ScoreTable,Blog,Close the year with a complete record,2029-02-20
c4d9595b-1e36-4eb7-9e55-e7e60100334f,ScoreTable,Blog,"Coverage, exclusions, and the fine print",2027-04-27
7f7391de-0184-4850-8e89-d0bb92cb65ba,ScoreTable,Blog,Cross-contact and the allergen requirement most kitchens miss,2027-09-13
3a4d8c04-bc96-444f-bb2a-9a0cb99f95c2,ScoreTable,Blog,Exhaust fans and the failure you can hear,2026-11-03
9454c1d5-eb58-4c6b-ad47-c3e5677c3fc0,ScoreTable,Blog,Fire Prevention Month: the kitchen is the ignition point,2027-12-23
e7fb4524-17f3-40a5-a6a0-670c1745bf7f,ScoreTable,Blog,Fire safety in the hottest month,2027-07-14
03b55091-9936-4346-b6f9-b805e5d6eabf,ScoreTable,Blog,Grease interception and the other authority,2026-08-25
5880950a-587e-45df-bf4b-28acce96501e,ScoreTable,Blog,"Handler cards, CFPM, and the certification cliff",2027-07-15
edb6313b-337b-4e7d-8da2-81ac1f650841,ScoreTable,Blog,"Heat, humidity, and holding temperature",2027-07-20
10bfff1f-67fe-467c-a2b3-c96454a84089,ScoreTable,Blog,"Loss control: information, not accusation",2026-09-22
99420b82-a4cb-4fd5-a8bb-d4328f091072,ScoreTable,Blog,Multi-location: what doesn't transfer,2030-02-28
7f45529c-eeba-42b5-b716-40e5250ab878,ScoreTable,Blog,"New staff, old procedures",2028-09-14
430f2aec-484c-4693-be7b-8a6377dd2d76,ScoreTable,Blog,NFPA 96 in plain English,2028-02-18
edaa20fd-0804-4a7a-9301-9ec6515f6b76,ScoreTable,Blog,One year of the Founder cohort,2027-07-21
e8b99cec-1b5f-4fa0-9617-52f9b1484e48,ScoreTable,Blog,"Patio, outdoor, and mobile: the requirements change",2027-07-13
4a5972f5-ff0b-4a75-bb49-1f0b7b8b3b32,ScoreTable,Blog,Peak season readiness,2026-11-24
966461fd-4e6e-4c1f-9eea-2593a1336682,ScoreTable,Blog,"Pest, and the requirement that's always current",2027-02-23
a0672816-ce16-428f-b6c4-7d6b29a8094a,ScoreTable,Blog,Predict. Reduce. Prove. — year two,2027-08-11
efe165be-43db-4b85-b2bd-386c4f2534b4,ScoreTable,Blog,"Reduce, not prevent",2029-01-03
61d6c9be-a67a-4f8e-aebe-5d5ac7acc30e,ScoreTable,Blog,Refrigeration: recovery time over temperature,2027-01-05
50283e96-bd28-4116-9d99-b7f9aff3b834,ScoreTable,Blog,"Selling, buying, and the diligence file",2026-12-08
126b326a-dd8f-40b4-9ed9-3ff2cc980c89,ScoreTable,Blog,Setting the year: what to fix first,2029-09-14
c5ef4bd8-3380-4736-a88a-4dde053cb302,ScoreTable,Blog,Spring inspection season opens,2027-05-04
275361f8-f9fe-4905-bad6-44cbe2158447,ScoreTable,Blog,"Summer volume, shorter intervals",2026-10-06
029e3ee8-d63c-44d0-9d84-432e8c896883,ScoreTable,Blog,Suppression service life,2026-08-18
73957764-d042-4895-ad95-767d76e3503f,ScoreTable,Blog,Suppression: the system that gives you no feedback,2028-04-04
29e2daee-0704-4142-847e-8febca7e1929,ScoreTable,Blog,The claim you'll never file,2026-10-13
2f670647-8c6a-46b6-8114-42ebfe478010,ScoreTable,Blog,The compliance budget conversation,2029-11-13
87f969ec-91c0-4a31-9ce3-dd5ba0f50cd3,ScoreTable,Blog,The equipment you're going to replace this year,2030-04-22
fd47cce8-f6db-46ab-a1cf-5d0f89585276,ScoreTable,Blog,"The five temperature logs, not one",2027-08-24
bfbad2eb-90ef-4961-9d42-003316163f82,ScoreTable,Blog,"The fryer, the thermostat, and the fire",2027-04-20
093c653f-f9a5-451e-9e0e-8ad90e8235bc,ScoreTable,Blog,The mid-year proof check,2026-09-15
05549165-224b-4164-b05c-534b54bff753,ScoreTable,Blog,The next 169,2027-08-04
eaa52251-704d-434f-b35c-1519de853151,ScoreTable,Blog,The pre-Q4 walkthrough,2027-11-04
cad5b88a-1fc6-474d-a60b-1706710088ab,ScoreTable,Blog,The quiet week,2029-07-24
8257510d-0f7f-4121-ab46-854f890f0a06,ScoreTable,Blog,The record at eleven months,2027-01-26
12710fad-b8e7-45ad-9987-eac7aad03044,ScoreTable,Blog,The renewal your carrier is already reviewing,2029-04-13
c03aef14-d04c-4fd8-9a63-1fbc63fac2c0,ScoreTable,Blog,The Thanksgiving load test,2028-11-07
04c86dc0-1743-4900-a049-ec1bde7f06ce,ScoreTable,Blog,The training refresh before summer staffing,2026-09-08
a815ec7c-13ea-45ca-9a85-764f672ac57e,ScoreTable,Blog,There is no national restaurant grading system. Here's what exists instead.,2027-03-23
6ccfb336-3904-412b-9afc-42e1e8c70c4a,ScoreTable,Blog,Two authorities decide whether a kitchen is safe. Most public data covers one.,2027-01-12
7dcfce51-66aa-48f9-8f4d-8858a9802abb,ScoreTable,Blog,"Ventilation, airflow, and the summer ahead",2027-01-19
2d814ff6-bd4f-45d2-8bcf-8301f736fa07,ScoreTable,Blog,Volume changes your interval,2028-07-25
961d4cf1-4c5a-40b2-84df-a1b5634330f8,ScoreTable,Blog,What 2026 taught us,2029-06-06
9efdff1f-e2a5-4656-a92e-f9681f8d578c,ScoreTable,Blog,What a fire marshal sees that you don't,2028-05-29
8b8ecfc1-1782-4477-a822-c1ebbd4d71e0,ScoreTable,Blog,"What a published inspection record proves, precisely",2027-02-09
b38dc928-9c0d-459d-b86b-9194a8f923a6,ScoreTable,Blog,What a published inspection result doesn't tell you,2027-04-06
fff425c1-7664-4a27-ac6b-b3f130ab8c40,ScoreTable,Blog,What changed in the rules this year,2027-07-28
9519b3d3-4843-4be6-9d76-583699af09b1,ScoreTable,Blog,What we got wrong,2027-02-16
fa5d7e7f-3698-47f2-be2f-397834f61d92,ScoreTable,Blog,What your carrier actually asks for,2027-08-10
50c71dc1-ad43-4f6b-8c9b-90f1b2b36ef7,ScoreTable,Blog,Why the same violation means different things in different counties,2026-12-15
e2ac83cf-7811-4e37-8aec-bd0078d80932,ScoreTable,Blog,Your first inspection of the year,2030-01-04
2a3c1e76-b22a-4a78-8649-45a776790325,ScoreTable,Email,Close the year with a complete record,2029-08-27
89830ebb-421b-4d6e-848f-82790acc3a07,ScoreTable,Email,"Coverage, exclusions, and the fine print",2027-08-17
97c480bf-35c2-4a63-a15f-36647ae69e5f,ScoreTable,Email,Cross-contact and the allergen requirement most kitchens miss,2028-03-13
2e9b4382-b1f2-4e85-b13f-501c401c2156,ScoreTable,Email,Exhaust fans and the failure you can hear,2027-01-26
e64d6438-d564-4c3a-bd14-479934706af2,ScoreTable,Email,Fire Prevention Month: the kitchen is the ignition point,2028-06-30
571141ff-5f26-4e6a-b777-3ca85a7135f4,ScoreTable,Email,Fire safety in the hottest month,2027-08-26
d8d874bb-8e7d-4db4-802a-44ed4a081072,ScoreTable,Email,Grease interception and the other authority,2028-04-04
c0de2858-a695-4483-abf9-78e51d14b38a,ScoreTable,Email,"Handler cards, CFPM, and the certification cliff",2028-01-25
67b2853d-241e-4fdf-9afe-52f4595c6f53,ScoreTable,Email,"Heat, humidity, and holding temperature",2027-05-18
9b09e833-3bd7-4ca2-a541-a89365105b70,ScoreTable,Email,"Loss control: information, not accusation",2027-10-05
1ff996cc-cf0b-4cfc-bd4e-ea68325e5daf,ScoreTable,Email,Multi-location: what doesn't transfer,2026-11-17
0a8602c7-f0e9-496d-b443-f94eba2f0899,ScoreTable,Email,"New staff, old procedures",2029-03-28
b5a7148e-6643-464b-b978-e537b338a416,ScoreTable,Email,NFPA 96 in plain English,2028-08-22
a8e9ed5e-c45e-41fd-a1ab-086413750e8a,ScoreTable,Email,One year of the Founder cohort,2027-09-02
b9515d43-1743-45f8-8932-ddcc984ea678,ScoreTable,Email,"Patio, outdoor, and mobile: the requirements change",2027-12-21
3377f9b8-29f9-4b4e-b3d6-4e76516c2019,ScoreTable,Email,Peak season readiness,2027-02-16
a4966f5c-0947-4248-88cd-2ec61ba56a1a,ScoreTable,Email,"Pest, and the requirement that's always current",2027-11-09
03a3291b-b4b6-48e8-b253-6e3e1e867896,ScoreTable,Email,Predict. Reduce. Prove. — year two,2027-09-23
b535a244-a145-4c75-8055-7e6607d8f5fe,ScoreTable,Email,"Reduce, not prevent",2029-07-10
380f409e-057a-4b8f-98c5-9ee14a29e5f6,ScoreTable,Email,Refrigeration: recovery time over temperature,2027-02-23
7d0becc8-b252-4c4a-8c9d-ef97b53212da,ScoreTable,Email,"Selling, buying, and the diligence file",2027-08-19
247453be-62be-4bf3-9a7a-51eaea62c41b,ScoreTable,Email,Setting the year: what to fix first,2030-04-05
91ecbe9a-6d12-409d-a689-f21954cc1594,ScoreTable,Email,Spring inspection season opens,2027-09-07
5e2d7b52-8e45-41b8-9139-4e26ac1780cd,ScoreTable,Email,"Summer volume, shorter intervals",2027-05-04
a51f43d7-1d25-4671-8ac9-ca8eb96cedf9,ScoreTable,Email,Suppression service life,2027-11-16
87824668-efef-4a9d-9f4e-dd2a052d7199,ScoreTable,Email,Suppression: the system that gives you no feedback,2028-10-20
54ad60d9-6c16-4127-819d-92e825c52b78,ScoreTable,Email,The claim you'll never file,2027-04-13
9654ad97-e87a-4c50-844e-594aaada5ce3,ScoreTable,Email,The compliance budget conversation,2030-05-22
d01057b1-6d22-44b0-a524-0ae398d2c225,ScoreTable,Email,The equipment you're going to replace this year,2028-03-07
cf958695-7b46-468d-8aec-3c14c5155788,ScoreTable,Email,"The five temperature logs, not one",2027-12-01
c1b5ed53-ef52-4ed9-aeb2-70b16faaa6ad,ScoreTable,Email,"The fryer, the thermostat, and the fire",2028-01-11
83486e82-3452-433c-b931-c48fb11a1cd7,ScoreTable,Email,The mid-year proof check,2027-08-03
4015c476-e352-4485-b20c-69f21174aa0a,ScoreTable,Email,The next 169,2027-09-16
e3618f1d-a0b4-41d7-b5e4-9ac1ebe8ca99,ScoreTable,Email,The pre-Q4 walkthrough,2028-05-05
ec98e7ad-ded3-4c4b-ac8f-9991c4620228,ScoreTable,Email,The public record is proof of something. Just be clear what.,2027-10-08
8cbd8d64-8653-4df2-9b0d-b9bc6c7c7703,ScoreTable,Email,The quiet week,2030-02-11
c57eae26-83ca-4053-863d-e965d56b65df,ScoreTable,Email,The record at eleven months,2027-08-05
a0022818-6acb-49a3-9a09-246225610714,ScoreTable,Email,The renewal your carrier is already reviewing,2029-10-25
2dc2973c-105e-4bba-bc0e-994f96e223f7,ScoreTable,Email,The Thanksgiving load test,2029-05-22
ec898623-3386-4e68-930b-0333d6299f62,ScoreTable,Email,The training refresh before summer staffing,2028-06-13
96366002-a996-46ba-9c30-d45d3059425e,ScoreTable,Email,Two authorities decide whether a kitchen is safe. Most people only know one.,2027-09-21
76019783-d0ea-4bc5-a549-62cf18e11684,ScoreTable,Email,"Ventilation, airflow, and the summer ahead",2027-06-22
8491e5e4-6b51-4d1f-b864-a414f166a98f,ScoreTable,Email,Volume changes your interval,2029-01-31
8b309f38-e1a5-4e1c-b2b5-4b22225ee905,ScoreTable,Email,What 2026 taught us,2029-12-12
117cd573-e77a-4d54-ad0f-7047847572d8,ScoreTable,Email,What a fire marshal sees that you don't,2028-12-08
1ed2f0bf-7233-480f-9060-d673f46f5c93,ScoreTable,Email,What a published result doesn't tell you,2027-08-20
a139e1c3-37f6-4864-bbff-d6d842118ba7,ScoreTable,Email,What changed in the rules this year,2027-09-09
a731e06d-bbf4-4312-848d-b5f36595ffa3,ScoreTable,Email,What we got wrong,2027-08-12
7d1d6782-39fc-4e6e-aa92-58b954ef529f,ScoreTable,Email,What your carrier actually asks for,2027-07-13
229c55b6-4a8c-4580-944e-8e3d58c7b2dd,ScoreTable,Email,What your county actually publishes about restaurants,2026-11-24
31b41846-6003-4d86-b202-4d0ba839d02b,ScoreTable,Email,Why the same violation means different things in different counties,2027-02-09
ee0ceb36-f776-433d-992d-64908268a048,ScoreTable,Email,Your first inspection of the year,2030-07-02
d3c0d772-57fe-4baf-8e8e-1986d04485d4,ScoreTable,Facebook,Close the year with a complete record,2029-02-28
95c4deca-14cb-4895-a837-2976c7219caf,ScoreTable,Facebook,Close the year with a complete record,2029-02-12
3ac7f27e-4b8c-4a6c-82a2-0fc3cdb85fa8,ScoreTable,Facebook,Comparing two restaurants in two counties?,2027-06-01
17bc885b-a578-46da-8758-f7514d6c0efc,ScoreTable,Facebook,"Coverage, exclusions, and the fine print",2026-12-29
06300c0c-935c-4655-8e3c-acf9e43e475e,ScoreTable,Facebook,"Coverage, exclusions, and the fine print",2026-09-22
19e35c80-1ba7-4329-acf6-056440354576,ScoreTable,Facebook,Cross-contact and the allergen requirement most kitchens miss,2027-09-14
9f0294ae-6db1-43d9-936b-4a5dfa219ecc,ScoreTable,Facebook,Cross-contact and the allergen requirement most kitchens miss,2027-08-26
6c331de9-3822-4c76-9ddb-217b006e291f,ScoreTable,Facebook,Does your county publish restaurant inspection results?,2028-03-21
27c00c11-e68b-4e8d-9c20-f5c5a2bcd488,ScoreTable,Facebook,Exhaust fans and the failure you can hear,2027-03-09
92899261-1076-473d-b36a-223702e49e8e,ScoreTable,Facebook,Exhaust fans and the failure you can hear,2028-10-10
e80bcf63-a865-4fe5-8bd4-9b54303848df,ScoreTable,Facebook,Find your county.,2029-10-09
4de8165b-5910-4035-8dc7-46afc40b0679,ScoreTable,Facebook,Fire Prevention Month: the kitchen is the ignition point,2027-12-06
2cb20b9e-b53f-4641-b4ca-f11cb5840754,ScoreTable,Facebook,Fire Prevention Month: the kitchen is the ignition point,2027-12-31
b5cdb5ed-563a-48da-a214-08fd77c5eb63,ScoreTable,Facebook,Fire safety in the hottest month,2027-07-13
cdf434ce-5f67-4d2e-bf15-70ecad2a52d0,ScoreTable,Facebook,Fire safety in the hottest month,2027-07-15
83537076-013b-474d-ab74-31d1b9ff64fe,ScoreTable,Facebook,Grease interception and the other authority,2028-06-27
6cf90dd9-f75f-42b0-9270-3a207c1efd23,ScoreTable,Facebook,Grease interception and the other authority,2028-03-28
9a6d292d-a93f-4d75-92cd-8f0c5a4193d6,ScoreTable,Facebook,"Handler cards, CFPM, and the certification cliff",2028-12-05
e37f21ab-b1e8-455f-afe6-f21351997834,ScoreTable,Facebook,"Handler cards, CFPM, and the certification cliff",2027-07-28
d5ad0beb-d93b-4ca3-9d2e-1a71dce6a285,ScoreTable,Facebook,"Heat, humidity, and holding temperature",2029-08-07
3360546e-551a-4054-9410-dbd9b2e2d1e7,ScoreTable,Facebook,"Heat, humidity, and holding temperature",2027-04-27
18aa04bb-8b79-4e31-a7ab-59b9d9aa0e90,ScoreTable,Facebook,"Loss control: information, not accusation",2027-01-05
055bea1e-1d15-45c5-8c34-e94e813cbbf7,ScoreTable,Facebook,"Loss control: information, not accusation",2026-09-01
c58938e2-632c-4e91-8095-d79f06b19bcd,ScoreTable,Facebook,Methodology belongs next to the data.,2029-05-08
15cc5925-10fb-4c74-a505-3a501c0234c0,ScoreTable,Facebook,Multi-location: what doesn't transfer,2030-03-06
afe6e009-c394-4b89-9f07-76d6adc83752,ScoreTable,Facebook,Multi-location: what doesn't transfer,2030-02-12
14760765-9424-4e4c-a721-611951661738,ScoreTable,Facebook,"New staff, old procedures",2028-08-31
324c4c06-490b-4cde-ad40-00424e08ef23,ScoreTable,Facebook,"New staff, old procedures",2028-09-20
385f046c-a7e5-4d6c-a53f-92b2d4ea4209,ScoreTable,Facebook,NFPA 96 in plain English,2028-01-27
97da4656-1405-487e-92ed-5e8e2a9ca861,ScoreTable,Facebook,NFPA 96 in plain English,2028-02-24
6cca91f6-6f5c-453f-a754-3000528aac15,ScoreTable,Facebook,One year of the Founder cohort,2027-07-20
e3183984-b126-4df7-aa09-fd425ad9e002,ScoreTable,Facebook,One year of the Founder cohort,2027-07-22
b81babb0-2f43-41ee-9ee1-fb7497b08633,ScoreTable,Facebook,"Patio, outdoor, and mobile: the requirements change",2029-04-03
825f9c4e-f19e-4726-8fc1-aaab9ee518da,ScoreTable,Facebook,"Patio, outdoor, and mobile: the requirements change",2028-06-13
0aa16bcb-36ad-418d-8cbc-2b44e6447e6d,ScoreTable,Facebook,Peak season readiness,2026-10-27
3edf26c8-9b55-43f6-9bff-473b44c67c18,ScoreTable,Facebook,Peak season readiness,2027-06-29
35f4899a-2843-4c89-8fac-265930897f6e,ScoreTable,Facebook,"Pest, and the requirement that's always current",2027-05-04
aaa8e32e-404b-4e54-a95e-595077e54768,ScoreTable,Facebook,"Pest, and the requirement that's always current",2029-01-16
45119eec-c79a-4967-8596-7a6510aad3e3,ScoreTable,Facebook,Predict. Reduce. Prove. — year two,2027-08-10
69930db4-37b4-431b-9103-15d5901bc9fc,ScoreTable,Facebook,Predict. Reduce. Prove. — year two,2027-08-12
243f776a-50b5-475b-b89d-9cf70f410ec4,ScoreTable,Facebook,"Reduce, not prevent",2028-12-12
99c0e997-a72d-45fc-8d20-27f86c2f73ad,ScoreTable,Facebook,"Reduce, not prevent",2029-01-04
40f15cbe-d378-4b95-9cb6-9e3ffe21879e,ScoreTable,Facebook,Refrigeration: recovery time over temperature,2027-07-13
e67b7c6a-75c5-48f2-8d80-63a089d4b204,ScoreTable,Facebook,Refrigeration: recovery time over temperature,2029-10-02
1e566f51-6342-472f-ae72-ac68ed9ca677,ScoreTable,Facebook,"Selling, buying, and the diligence file",2027-01-12
6ff01278-6cbe-4343-af2e-b8f388ca3b9e,ScoreTable,Facebook,"Selling, buying, and the diligence file",2028-04-11
c54050eb-de3c-42d4-beab-48d83d850d81,ScoreTable,Facebook,Setting the year: what to fix first,2029-10-03
988437d6-1b44-467d-95da-1983d4defafb,ScoreTable,Facebook,Setting the year: what to fix first,2029-09-11
90ee1c67-4869-402d-96d1-1087b455ea6d,ScoreTable,Facebook,Spring inspection season opens,2028-10-03
2e936ebd-4585-4c8b-86f1-9d1791374e15,ScoreTable,Facebook,Spring inspection season opens,2027-03-30
aedf488b-2cb1-42cb-9a92-ca62cb3496c2,ScoreTable,Facebook,"Summer volume, shorter intervals",2029-02-20
5f443341-11f5-4efb-861c-84ec1cb118c2,ScoreTable,Facebook,"Summer volume, shorter intervals",2028-01-25
30a6efd7-0ea3-4e25-92e1-58566f3d144e,ScoreTable,Facebook,Suppression service life,2027-04-13
cc673a3c-0c86-4aec-a811-daccd8331cbc,ScoreTable,Facebook,Suppression service life,2029-05-15
13edbd40-25cf-456f-a3c6-8be98ab67cba,ScoreTable,Facebook,Suppression: the system that gives you no feedback,2028-03-28
fbaf10dc-f208-43b6-913d-1006021f7c09,ScoreTable,Facebook,Suppression: the system that gives you no feedback,2028-04-17
5ae723a6-028c-429a-a441-ad7b28db68e4,ScoreTable,Facebook,The claim you'll never file,2028-01-11
a8d3b033-bc28-4e4d-b7ab-25d28f228cac,ScoreTable,Facebook,The claim you'll never file,2028-12-26
36c8f16f-6c9c-4b1d-b359-31caaed245ca,ScoreTable,Facebook,The compliance budget conversation,2029-11-28
8eee2adb-aabc-4660-b821-5aec53ff4d3f,ScoreTable,Facebook,The compliance budget conversation,2029-10-30
0fbf69c0-5888-4e99-9987-4dcc2a52c2b8,ScoreTable,Facebook,The date matters as much as the result.,2026-12-01
67f12490-2e0b-4244-9394-76aa75f2459a,ScoreTable,Facebook,The equipment you're going to replace this year,2030-04-30
f3701c48-45ad-4f90-b081-2ad78eef3e4d,ScoreTable,Facebook,The equipment you're going to replace this year,2030-04-04
88e58932-8607-4654-94f4-3fc7272a0e5e,ScoreTable,Facebook,"The five temperature logs, not one",2028-07-25
9049c354-67f5-414b-958a-ddbe0c0f6aa0,ScoreTable,Facebook,"The five temperature logs, not one",2028-09-05
dc670bca-94b0-458d-8a4c-73e67f2f89c4,ScoreTable,Facebook,"The fryer, the thermostat, and the fire",2029-09-11
e8cccd88-a5f4-4da5-80c2-a5cd03708120,ScoreTable,Facebook,"The fryer, the thermostat, and the fire",2029-10-16
4cc079c1-2720-467a-9c62-324c93320a20,ScoreTable,Facebook,The mid-year proof check,2027-10-12
e9940bf0-734f-4a65-8e47-83821ba9c093,ScoreTable,Facebook,The mid-year proof check,2029-10-23
c1d67358-efa8-442b-bc3b-659af81fd47d,ScoreTable,Facebook,The next 169,2027-08-05
00e4eaf8-7e1e-4cf4-854c-4f6c3d6937d0,ScoreTable,Facebook,The next 169,2027-08-03
907d44a7-abf5-4566-9b4a-5b97e5cb8ad7,ScoreTable,Facebook,The pre-Q4 walkthrough,2027-11-09
4c967af8-2224-49ff-98f1-bbacc412ed13,ScoreTable,Facebook,The pre-Q4 walkthrough,2027-10-22
0f896f1b-3d3a-4e47-830d-1381a3a88760,ScoreTable,Facebook,The quiet week,2029-07-19
823d9f46-15d6-4636-ae64-aee562654120,ScoreTable,Facebook,The quiet week,2029-08-09
f704be04-7cf8-46d1-8282-d7c973a8ac76,ScoreTable,Facebook,The record at eleven months,2030-01-15
36414575-991b-419b-bd15-480534b065f9,ScoreTable,Facebook,The record at eleven months,2027-05-11
0a7da7e3-8120-4c23-b4a5-c5bc0dfea681,ScoreTable,Facebook,The renewal your carrier is already reviewing,2029-03-30
fbbd61c8-b2cd-4215-a0ce-c3e0a94a5cd5,ScoreTable,Facebook,The renewal your carrier is already reviewing,2029-04-30
53edbf20-b44c-437b-b2f1-0129cbd6f5b3,ScoreTable,Facebook,The same violation means different things in different counties.,2027-11-23
07dbf9f8-2f6f-4be2-be58-189793b67b40,ScoreTable,Facebook,The Thanksgiving load test,2028-11-15
032ee20c-a986-4274-b5d3-a15095e24637,ScoreTable,Facebook,The Thanksgiving load test,2028-10-30
92dd0841-419f-43bb-ab80-b850e4b17836,ScoreTable,Facebook,The training refresh before summer staffing,2028-10-24
53c5a6a6-64ee-41ad-85ae-9344a87adeda,ScoreTable,Facebook,The training refresh before summer staffing,2027-11-16
41889e2c-38f0-42f7-a952-f302355ca596,ScoreTable,Facebook,Two authorities decide if a kitchen is safe.,2027-07-20
759f7b58-5e39-4b1a-8094-4e18145e7fb7,ScoreTable,Facebook,"Ventilation, airflow, and the summer ahead",2028-04-18
f989ec5e-3b2f-439c-8e89-37f6dfacb976,ScoreTable,Facebook,"Ventilation, airflow, and the summer ahead",2030-01-29
41ef80ef-45f3-4f17-a0fb-bd7d6676e0d3,ScoreTable,Facebook,Volume changes your interval,2028-07-13
23f08b5a-e353-49a2-9264-6a31daeb7d8b,ScoreTable,Facebook,Volume changes your interval,2028-08-03
4b93d933-6d91-4f83-9b53-875be1cdca2e,ScoreTable,Facebook,We don't rate restaurants.,2027-09-28
dfacae06-a6df-43e2-9c77-93939b3a82b9,ScoreTable,Facebook,What 2026 taught us,2029-06-20
f062e87e-8794-4aab-b04f-2be7c07ccc1b,ScoreTable,Facebook,What 2026 taught us,2029-05-29
9cff4612-2851-47a7-a066-61348da9bbb6,ScoreTable,Facebook,What a fire marshal sees that you don't,2028-06-12
1e3fecde-8f94-462d-9dbc-cf25222c3221,ScoreTable,Facebook,What a fire marshal sees that you don't,2028-05-17
98b314c8-bb67-46d4-ac7e-41be890b668e,ScoreTable,Facebook,What a published result actually proves.,2028-11-21
086769b5-8cb7-4ccf-a710-967e83209f30,ScoreTable,Facebook,What a published result doesn't tell you.,2026-10-13
303df84b-b764-4cd9-9aea-a88ca82419a1,ScoreTable,Facebook,What changed in the rules this year,2027-07-29
a1596b6c-4d10-48d9-8850-872144e2d852,ScoreTable,Facebook,What changed in the rules this year,2027-07-27
d25bd067-5910-4951-99ff-c1b5ec793014,ScoreTable,Facebook,What we got wrong,2029-07-17
ef9c0c2b-3d2a-4d3a-98b4-d8fb767a5f24,ScoreTable,Facebook,What we got wrong,2029-11-20
96936ef9-2475-426d-86ce-7c45cf453907,ScoreTable,Facebook,What your carrier actually asks for,2030-06-05
f8ee1683-b940-4008-8070-db7b62b9b912,ScoreTable,Facebook,What your carrier actually asks for,2030-01-22
3e169ae6-869a-4f9f-82ea-172fabd9be1b,ScoreTable,Facebook,Your first inspection of the year,2030-01-16
4e7a4fdd-403c-4313-9a34-19e6ec282609,ScoreTable,Facebook,Your first inspection of the year,2029-12-21
1d0e0fea-a57e-4ee7-bdb9-e433131607ee,ScoreTable,Instagram,Carousel — two authorities,2026-12-08
08e72e3c-006c-45ed-b9c5-7aa316eea564,ScoreTable,Instagram,Close the year with a complete record,2029-03-14
0176162e-2341-4e6d-8c2d-445b7243be91,ScoreTable,Instagram,Close the year with a complete record,2029-02-15
43c6b0dd-fb0c-4755-bc4a-c19342876b71,ScoreTable,Instagram,"Coverage, exclusions, and the fine print",2027-06-01
b5e78478-f46d-438c-91a1-28c08cf15463,ScoreTable,Instagram,"Coverage, exclusions, and the fine print",2028-10-17
cf1e5992-f332-46f2-ad7c-25d395e109aa,ScoreTable,Instagram,Cross-contact and the allergen requirement most kitchens miss,2027-09-01
3ec5e1ba-33da-49e8-9636-61ac32c49b62,ScoreTable,Instagram,Cross-contact and the allergen requirement most kitchens miss,2027-09-24
a97c5b45-8c43-4317-bc57-92a05367455b,ScoreTable,Instagram,Exhaust fans and the failure you can hear,2028-09-12
30c8d84d-ec88-40f2-94c1-bd5704dabae5,ScoreTable,Instagram,Exhaust fans and the failure you can hear,2027-02-23
c270c6fb-fc0e-4e89-8a84-616e0ab0f10f,ScoreTable,Instagram,Fire Prevention Month: the kitchen is the ignition point,2027-12-16
e3c3f70f-e54c-44fa-a5f5-26a852124571,ScoreTable,Instagram,Fire Prevention Month: the kitchen is the ignition point,2028-01-18
6cc53573-68cf-4a3a-84d5-d0e71e1fd8dc,ScoreTable,Instagram,Fire safety in the hottest month,2027-07-14
bfb66a00-e03e-43a3-9349-2f2e03aaf8c0,ScoreTable,Instagram,Fire safety in the hottest month,2027-07-16
678b3afb-bf22-4673-90cb-4ddd58d129ac,ScoreTable,Instagram,Grease interception and the other authority,2027-11-02
b1dcce23-d49e-47e4-90e7-0b47275d9328,ScoreTable,Instagram,Grease interception and the other authority,2028-10-10
cf6567f3-92ff-479e-8a63-b1b9d7371904,ScoreTable,Instagram,"Handler cards, CFPM, and the certification cliff",2027-07-13
8f98603e-adae-4cea-ba06-03e7f2f71d3f,ScoreTable,Instagram,"Handler cards, CFPM, and the certification cliff",2027-08-04
9b36578e-c26d-4502-a1a2-023dc0fc4f7f,ScoreTable,Instagram,"Heat, humidity, and holding temperature",2028-07-04
dc84a7f9-023d-4d22-9219-9ee33b679f5a,ScoreTable,Instagram,"Heat, humidity, and holding temperature",2029-03-20
aa3f5322-7748-4613-b3c6-2ba3c13988c7,ScoreTable,Instagram,"Loss control: information, not accusation",2028-09-26
ffc0f8e9-9430-4b4e-8d11-ff63fef00f52,ScoreTable,Instagram,"Loss control: information, not accusation",2029-08-21
5b9f2964-4f4c-42b1-8e93-529822c2e513,ScoreTable,Instagram,Multi-location: what doesn't transfer,2030-03-18
3ff3748d-a311-4535-9d78-73b48681f2d1,ScoreTable,Instagram,Multi-location: what doesn't transfer,2030-02-22
d1dbcdcb-13f2-4d0b-bfb6-151bec2a75bd,ScoreTable,Instagram,"New staff, old procedures",2028-10-10
8f100689-8bb3-4fb9-8729-55fb76f9e1bb,ScoreTable,Instagram,"New staff, old procedures",2028-09-08
f7c2e8ea-17cd-422d-a01c-6f57d2133b6c,ScoreTable,Instagram,NFPA 96 in plain English,2028-03-06
efe00829-c975-46df-9566-81bb6b6105f3,ScoreTable,Instagram,NFPA 96 in plain English,2028-02-11
37939ed9-ed9d-471f-9c44-a333807fdf97,ScoreTable,Instagram,One year of the Founder cohort,2027-07-21
61a51bd1-0153-4369-b0f3-ca9d8d3b0fce,ScoreTable,Instagram,One year of the Founder cohort,2027-07-23
38b6c8c1-d61a-40fb-a8b9-9b0e77754f2d,ScoreTable,Instagram,"Patio, outdoor, and mobile: the requirements change",2027-03-30
94b0c5ce-60a4-439d-b0c9-1b610cde69b3,ScoreTable,Instagram,"Patio, outdoor, and mobile: the requirements change",2028-05-30
1e0f0ccc-2821-4054-9fb7-e0960d384ae1,ScoreTable,Instagram,Peak season readiness,2026-12-22
7b1747ed-3e26-4520-bdee-2a4ef0780974,ScoreTable,Instagram,Peak season readiness,2028-02-08
0cae57eb-6b5f-48ca-b8ae-f668f834fbf0,ScoreTable,Instagram,"Pest, and the requirement that's always current",2026-09-22
227abd62-2a5c-44ee-980f-e7b03864ab9c,ScoreTable,Instagram,"Pest, and the requirement that's always current",2027-01-05
c7f22e79-733c-4e2d-8acc-739255b5c619,ScoreTable,Instagram,Predict. Reduce. Prove. — year two,2027-08-11
1d70117f-19c2-4e4f-836c-2c6fa52e9303,ScoreTable,Instagram,Predict. Reduce. Prove. — year two,2027-08-13
1ac8bb8d-9ab1-4829-b990-0a6b4251fde0,ScoreTable,Instagram,"Reduce, not prevent",2028-12-27
3c1a4e09-c35d-462a-9ec0-a3799126c99a,ScoreTable,Instagram,"Reduce, not prevent",2029-01-19
87a6a1a2-a67a-4d7f-8780-98cdb40f0a66,ScoreTable,Instagram,Refrigeration: recovery time over temperature,2028-04-04
ee0b2a84-d517-49c6-8ab9-287d7e745d0c,ScoreTable,Instagram,Refrigeration: recovery time over temperature,2029-05-15
3cfef847-c2fe-4cc7-b972-1cf0536fe11f,ScoreTable,Instagram,"Selling, buying, and the diligence file",2027-07-09
1521686e-9aed-495f-b426-9686fa113b9c,ScoreTable,Instagram,"Selling, buying, and the diligence file",2026-10-20
bc5cb6bb-8180-4b31-95dc-06cdcc5ee035,ScoreTable,Instagram,Setting the year: what to fix first,2029-10-10
0015163b-a771-4322-bb1a-32e863f883ae,ScoreTable,Instagram,Setting the year: what to fix first,2029-09-25
4f160c23-53fc-4136-8786-01ae21a3960c,ScoreTable,Instagram,Spring inspection season opens,2027-07-13
7ee87f63-1b4f-4168-9b1d-9ff4a88fef36,ScoreTable,Instagram,Spring inspection season opens,2028-03-07
8d3ef121-8cf8-4140-9267-db9cb5886cfe,ScoreTable,Instagram,"Summer volume, shorter intervals",2028-04-25
38c284a6-fe51-4bb7-b3d4-4b8eed466672,ScoreTable,Instagram,"Summer volume, shorter intervals",2027-04-06
2ca1d0be-ba5c-494a-beaf-af1a29969667,ScoreTable,Instagram,Suppression service life,2027-02-02
285450ad-8716-44ea-9470-92b31c5a3bc7,ScoreTable,Instagram,Suppression service life,2027-01-19
2eb091c5-b2e9-4efc-bdad-9bb187b7d237,ScoreTable,Instagram,Suppression: the system that gives you no feedback,2028-03-31
dc858f23-c734-487c-9b8a-f8ef583e4bfb,ScoreTable,Instagram,Suppression: the system that gives you no feedback,2028-04-25
d16291a5-fe1a-4b91-a6cf-37f8f5f5163e,ScoreTable,Instagram,The claim you'll never file,2029-01-16
8ae31ef7-b6bb-44b4-8067-b2892f80dad2,ScoreTable,Instagram,The claim you'll never file,2028-04-11
705d3515-8680-42e0-976c-6788af4739e5,ScoreTable,Instagram,The compliance budget conversation,2029-12-03
b9e439be-e289-4e26-b88a-76a00294c05a,ScoreTable,Instagram,The compliance budget conversation,2029-11-12
bf01dfaa-3e8e-440a-a818-27b3b83be132,ScoreTable,Instagram,The equipment you're going to replace this year,2030-05-20
0fb83131-cec8-47eb-844a-53b286a65c11,ScoreTable,Instagram,The equipment you're going to replace this year,2030-04-19
9a0d25cd-61a6-4a46-8992-414421c616dc,ScoreTable,Instagram,"The five temperature logs, not one",2028-06-27
538bd0ac-e350-4853-8de2-2d9e847341a0,ScoreTable,Instagram,"The five temperature logs, not one",2027-08-03
fdaa30dd-2e73-4edb-9b3c-67aad3fd85b6,ScoreTable,Instagram,"The fryer, the thermostat, and the fire",2029-07-31
7a8d241f-6b96-46fa-917f-9f0a6bf0ba2b,ScoreTable,Instagram,"The fryer, the thermostat, and the fire",2028-02-01
f714f5e7-7fe3-4f0c-8aba-38c806fb0996,ScoreTable,Instagram,The mid-year proof check,2029-06-19
5e07791d-0aa7-4a65-a6fe-8ee1e565a99a,ScoreTable,Instagram,The mid-year proof check,2027-10-12
55f0099f-493b-44bb-b820-b91a12e705a8,ScoreTable,Instagram,The next 169,2027-08-04
dc90f2cd-de0d-4afc-9e8d-c473fb3e9b3c,ScoreTable,Instagram,The next 169,2027-08-06
b23743d9-2662-4725-bb5d-addff65d2007,ScoreTable,Instagram,The pre-Q4 walkthrough,2027-10-27
b28a0d60-e999-4cc7-86a5-e24fd12457eb,ScoreTable,Instagram,The pre-Q4 walkthrough,2027-11-25
e8ec7795-2431-4788-bef0-364e58b76f84,ScoreTable,Instagram,The quiet week,2029-07-25
90dfe941-2067-4f27-b339-8fc2a5c936d1,ScoreTable,Instagram,The quiet week,2029-08-24
6fec81d0-3a9d-43c0-a979-0c93e44f309b,ScoreTable,Instagram,The record at eleven months,2027-12-28
d2d03e81-4243-49db-b662-72f9e8c5270d,ScoreTable,Instagram,The record at eleven months,2029-02-06
755918ed-f7a4-4dcb-85fb-324871b91fe4,ScoreTable,Instagram,The renewal your carrier is already reviewing,2029-05-02
c52e3583-a417-4e8e-95b4-ad3f521a4473,ScoreTable,Instagram,The renewal your carrier is already reviewing,2029-04-10
41711680-d98d-4c63-8911-f71ad2a17172,ScoreTable,Instagram,The Thanksgiving load test,2028-11-23
b81d81dc-fc7c-4b6e-8566-c1b4fdddc1b1,ScoreTable,Instagram,The Thanksgiving load test,2028-11-06
1a7a37a6-a94d-403c-bdc0-26f6cea6bc97,ScoreTable,Instagram,The training refresh before summer staffing,2026-11-24
2e726bb2-eb3f-4585-a78a-f644052ffc4e,ScoreTable,Instagram,The training refresh before summer staffing,2027-02-16
c578fb0a-a305-429d-bb45-fb780886fa2c,ScoreTable,Instagram,Tile — five states,2028-11-28
fce6620f-cd81-42e5-a1ba-57faf281398e,ScoreTable,Instagram,Tile — methodology,2029-07-24
6b1c1929-e918-4d48-b8de-7ab89cdd9a6e,ScoreTable,Instagram,Tile — no rating,2027-12-07
d978342f-a270-4304-9633-9892ba6b72ff,ScoreTable,Instagram,Tile — one input,2029-03-06
4268ad90-ff41-4113-8403-ebfaade3902d,ScoreTable,Instagram,Tile — proves / doesn't,2027-05-04
bb9ce907-4d57-4cc2-b4d2-2fadc178cdc1,ScoreTable,Instagram,Tile — pull-quote,2028-10-31
cff21739-3365-4f66-8199-c45cf51c2ddc,ScoreTable,Instagram,Tile — same violation,2029-01-09
7480022a-1f83-4f59-8a16-535d2253782e,ScoreTable,Instagram,Tile — the date,2028-01-11
904f1149-e060-489c-a6c1-fd71ae6da390,ScoreTable,Instagram,Tile — the four models,2028-05-02
69675897-42e4-45e3-a262-c2068836673e,ScoreTable,Instagram,"Ventilation, airflow, and the summer ahead",2027-11-30
15b6e91b-d4d9-41a0-bdf6-5663e7526319,ScoreTable,Instagram,"Ventilation, airflow, and the summer ahead",2026-10-27
bbaf8970-2fbd-4b01-8426-340433432e7e,ScoreTable,Instagram,Volume changes your interval,2028-07-24
a23f08ca-5312-49ea-9b91-b9db5da28b74,ScoreTable,Instagram,Volume changes your interval,2028-08-15
bee57fa1-4845-4b33-998f-980ae667b497,ScoreTable,Instagram,What 2026 taught us,2029-07-02
7903b5f3-52a3-4875-8bc4-c37235122721,ScoreTable,Instagram,What 2026 taught us,2029-06-07
8aae5a64-0691-49d6-94a7-db0c66a3fc30,ScoreTable,Instagram,What a fire marshal sees that you don't,2028-06-19
9f58b6a7-1aa1-459a-8bcc-a0f89ae3493c,ScoreTable,Instagram,What a fire marshal sees that you don't,2028-05-30
ea9baebc-2276-4cbb-a3d7-314d00016afe,ScoreTable,Instagram,What changed in the rules this year,2027-07-28
866145d3-39c9-484c-a383-9fbf2e4ccf3d,ScoreTable,Instagram,What changed in the rules this year,2027-07-30
331f1f9e-da18-4df0-8cc6-f2e6888dedc7,ScoreTable,Instagram,What we got wrong,2027-03-16
9e87db78-2b51-4726-bbb2-d9583f17e928,ScoreTable,Instagram,What we got wrong,2028-08-15
98647dc9-99b9-48da-a565-beed56cb5d66,ScoreTable,Instagram,What your carrier actually asks for,2028-06-13
7a35a28c-1dfa-4021-8a93-1180d110498c,ScoreTable,Instagram,What your carrier actually asks for,2028-01-25
2f8eb6b4-c72c-4781-ae85-0a316104085b,ScoreTable,Instagram,Your first inspection of the year,2030-01-08
47904d5c-6793-4d71-a933-02f5f62b9a68,ScoreTable,Instagram,Your first inspection of the year,2030-01-30
29263de5-7f78-4a41-927a-452f46757f4a,ScoreTable,LinkedIn,Close the year with a complete record,2029-02-06
3962d31d-5b04-4e69-8f3b-2e0c51e2b301,ScoreTable,LinkedIn,Close the year with a complete record,2029-03-05
55850e10-0880-4f93-90c8-50a2927f48d5,ScoreTable,LinkedIn,"Coverage, exclusions, and the fine print",2027-11-09
648033d3-c19c-4430-97f3-a2c022b966f5,ScoreTable,LinkedIn,"Coverage, exclusions, and the fine print",2028-02-08
6062a773-e87a-4420-96af-847d5094fdb6,ScoreTable,LinkedIn,Cross-contact and the allergen requirement most kitchens miss,2027-08-27
55c0ecdd-315f-4dee-ba2a-3a386945089f,ScoreTable,LinkedIn,Cross-contact and the allergen requirement most kitchens miss,2027-09-23
1bae531b-f4b5-44e3-b310-99a60d9c681e,ScoreTable,LinkedIn,Exhaust fans and the failure you can hear,2026-12-29
4f16cc7e-d0e1-426d-a534-d0d318d8321d,ScoreTable,LinkedIn,Exhaust fans and the failure you can hear,2027-10-05
f4f6bbf6-dea4-405e-a73b-608495aba2ab,ScoreTable,LinkedIn,Fire Prevention Month: the kitchen is the ignition point,2027-12-29
14b75d15-18ea-437b-bfd8-28659d025835,ScoreTable,LinkedIn,Fire Prevention Month: the kitchen is the ignition point,2027-12-10
fe7ccd1d-5a68-498e-af1e-1cc5ba16adc4,ScoreTable,LinkedIn,Fire safety in the hottest month,2027-07-15
b119e25e-eafe-4046-b6d8-6e3db89aa3e0,ScoreTable,LinkedIn,Fire safety in the hottest month,2027-07-13
48790a31-06cf-436e-bd12-0247f66876e8,ScoreTable,LinkedIn,Grease interception and the other authority,2027-08-03
991a69ed-75d2-42a1-9284-a66bb95cd6f1,ScoreTable,LinkedIn,Grease interception and the other authority,2028-11-21
09e9db64-fa01-4fdf-b7de-b05054fce8a4,ScoreTable,LinkedIn,"Handler cards, CFPM, and the certification cliff",2027-07-22
8c410aaf-2c8a-4b1b-a659-9b98d9ba0e66,ScoreTable,LinkedIn,"Handler cards, CFPM, and the certification cliff",2028-09-19
ac1ed5e9-f909-4f43-8319-ac10514b4927,ScoreTable,LinkedIn,"Heat, humidity, and holding temperature",2029-03-06
099f9a9c-7b47-4711-b333-d27a2df54745,ScoreTable,LinkedIn,"Heat, humidity, and holding temperature",2026-10-06
9de62950-0d64-4f74-9ac9-b76e1ae37735,ScoreTable,LinkedIn,"Loss control: information, not accusation",2028-12-05
a7dce63e-b9c1-4fca-b469-590b233a9044,ScoreTable,LinkedIn,"Loss control: information, not accusation",2029-02-06
aa1d479b-a050-4a62-b9e9-fae317970620,ScoreTable,LinkedIn,Multi-location: what doesn't transfer,2030-03-14
e515bf7e-f77f-42d4-adcf-d4d0691b1998,ScoreTable,LinkedIn,Multi-location: what doesn't transfer,2030-02-19
ab94655b-5f58-4209-a99b-55bc4c02840a,ScoreTable,LinkedIn,"New staff, old procedures",2028-09-26
19f9baf4-4de7-459c-9617-afa6965f3cde,ScoreTable,LinkedIn,"New staff, old procedures",2028-09-01
e2202d09-0775-4adc-a04a-77f88945b511,ScoreTable,LinkedIn,NFPA 96 in plain English,2028-02-28
f6b6f801-4c39-46ac-a5be-33a4923b34ed,ScoreTable,LinkedIn,NFPA 96 in plain English,2028-02-01
94ae30f9-715a-4e7a-a8e4-bbca17600504,ScoreTable,LinkedIn,One year of the Founder cohort,2027-07-22
ad79b783-7d96-4924-aac6-af212e92b4c5,ScoreTable,LinkedIn,One year of the Founder cohort,2027-07-20
48f00d97-a78b-4c5a-a3bc-e47dfa94af15,ScoreTable,LinkedIn,"Patio, outdoor, and mobile: the requirements change",2027-08-17
fe7a8567-e6fc-4720-8ec7-5c8ed3a6d23c,ScoreTable,LinkedIn,"Patio, outdoor, and mobile: the requirements change",2030-03-19
7d82ed83-3471-48bb-a6c3-96e269f976e3,ScoreTable,LinkedIn,Peak season readiness,2028-07-25
5a80ff8d-9c9b-4678-9f17-4e2e65a7caf2,ScoreTable,LinkedIn,Peak season readiness,2027-12-07
db124227-fef1-4592-91eb-ac9ea615433e,ScoreTable,LinkedIn,"Pest, and the requirement that's always current",2029-09-25
20463e87-4630-437c-a68a-59cc6e4ca12a,ScoreTable,LinkedIn,"Pest, and the requirement that's always current",2027-02-09
ece85600-a586-45bd-895b-6a602994eacf,ScoreTable,LinkedIn,Predict. Reduce. Prove. — year two,2027-08-10
2bde243a-0f84-4f24-890f-0a9876ee156f,ScoreTable,LinkedIn,Predict. Reduce. Prove. — year two,2027-08-12
7ce47163-6d78-4809-9aeb-1d1687cd3cab,ScoreTable,LinkedIn,Public restaurant data covers one of two safety systems.,2028-07-11
185b1af1-64db-4eb1-9212-39cb719382e3,ScoreTable,LinkedIn,"Reduce, not prevent",2028-12-19
7bbd14fe-5cf6-4595-8336-a67d386327d9,ScoreTable,LinkedIn,"Reduce, not prevent",2029-01-08
38dc76fb-a646-4923-a88e-f52ddc562241,ScoreTable,LinkedIn,Refrigeration: recovery time over temperature,2027-05-18
0e0f68e6-0ca9-4b3e-bd94-51e504acd93c,ScoreTable,LinkedIn,Refrigeration: recovery time over temperature,2026-10-27
9aef9166-a73c-4c56-a835-1409f0898f04,ScoreTable,LinkedIn,"Selling, buying, and the diligence file",2028-11-28
1168cf55-bc43-437c-aedf-0489c74bf240,ScoreTable,LinkedIn,"Selling, buying, and the diligence file",2026-11-10
3102f275-093e-44b0-b9eb-de55ce6ae94a,ScoreTable,LinkedIn,Setting the year: what to fix first,2029-10-05
0ca34852-4228-45a9-8c4f-2081bc9f6f65,ScoreTable,LinkedIn,Setting the year: what to fix first,2029-09-05
c7927202-46c0-459a-8838-39129c56065e,ScoreTable,LinkedIn,Spring inspection season opens,2029-06-05
6f0d61cb-0cda-4c39-a83a-6c77eb425c1e,ScoreTable,LinkedIn,Spring inspection season opens,2028-04-18
e63aed8d-25e1-4090-9e99-2be69a812aa7,ScoreTable,LinkedIn,"Summer volume, shorter intervals",2029-10-30
d25754eb-f251-49d5-b1cb-092aae908313,ScoreTable,LinkedIn,"Summer volume, shorter intervals",2029-07-17
5021cd19-653c-4e04-bf36-d1652f745e7a,ScoreTable,LinkedIn,Suppression service life,2027-10-19
7d6cd0bd-5b52-45b7-b0ce-f448e71a3751,ScoreTable,LinkedIn,Suppression service life,2028-07-18
f915d568-6619-4d10-a80e-7f23b89c00c2,ScoreTable,LinkedIn,Suppression: the system that gives you no feedback,2028-03-23
ed4377f3-4317-4be9-865a-fa7e9d67c5db,ScoreTable,LinkedIn,Suppression: the system that gives you no feedback,2028-04-21
1f1476a7-5b4f-4a62-a7fb-e779f7a47de3,ScoreTable,LinkedIn,The claim you'll never file,2027-01-12
244679d1-2e59-452f-ae8e-a0f2c3b28268,ScoreTable,LinkedIn,The claim you'll never file,2027-02-16
1db5e98a-8fc4-4db5-8fa6-92fdd3955a04,ScoreTable,LinkedIn,The compliance budget conversation,2029-11-20
d2e5d7da-0181-439c-b8fc-cd50deb23b53,ScoreTable,LinkedIn,The compliance budget conversation,2029-11-05
5bc42c9e-4b63-4fed-b4e4-1296c6850d40,ScoreTable,LinkedIn,The equipment you're going to replace this year,2030-04-05
09b249be-f306-44cd-858a-a184f21be022,ScoreTable,LinkedIn,The equipment you're going to replace this year,2030-05-07
7956b791-ee06-47c2-a3cc-9774097483f7,ScoreTable,LinkedIn,"The five temperature logs, not one",2028-06-06
82e4b9a8-ca54-4844-abc7-27891a2bc8fa,ScoreTable,LinkedIn,"The five temperature logs, not one",2028-08-08
d58bbbc4-d9fa-48a1-a2ce-df736334348b,ScoreTable,LinkedIn,"The fryer, the thermostat, and the fire",2029-08-14
31206f6c-2aee-4edf-bb8b-054d8ec32bca,ScoreTable,LinkedIn,"The fryer, the thermostat, and the fire",2027-04-20
bc751212-da16-428f-90cd-f28f3636f27d,ScoreTable,LinkedIn,The mid-year proof check,2029-04-24
177f5f33-11a5-4da5-931c-e284d657ca72,ScoreTable,LinkedIn,The mid-year proof check,2026-12-08
22d2c253-1128-4a18-9be0-bda06caa6ebc,ScoreTable,LinkedIn,The next 169,2027-08-05
da34f4ff-eb91-477b-976b-e9e69abe60df,ScoreTable,LinkedIn,The next 169,2027-08-03
7431dd20-5d42-4838-aac2-b5f824e433fe,ScoreTable,LinkedIn,The pre-Q4 walkthrough,2027-10-19
fc732043-6bf6-43e1-8cc9-544073661489,ScoreTable,LinkedIn,The pre-Q4 walkthrough,2027-11-15
cd1d035f-b566-4903-8771-6e090d3ab4c0,ScoreTable,LinkedIn,The quiet week,2029-07-17
6d097505-9f09-46d8-8572-d8171ca32732,ScoreTable,LinkedIn,The quiet week,2029-08-10
5cfa93a4-7855-4553-935f-54503a4a2b24,ScoreTable,LinkedIn,The record at eleven months,2027-12-28
92d69cd0-0a6c-434d-9df7-6274bd040f50,ScoreTable,LinkedIn,The record at eleven months,2028-10-03
cfd83126-c531-490c-a5b2-9d7e805c66b4,ScoreTable,LinkedIn,The renewal your carrier is already reviewing,2029-04-25
b296d8ca-d014-4d85-a006-2bfa2956c252,ScoreTable,LinkedIn,The renewal your carrier is already reviewing,2029-03-29
a4c41389-9f4c-44c2-981d-d06b3d34f578,ScoreTable,LinkedIn,"The same violation, two different consequences.",2029-01-16
4d7b298d-c120-49ed-af72-db9f9a70a1ed,ScoreTable,LinkedIn,The Thanksgiving load test,2028-11-13
f59542bd-fd18-49a8-a6be-4e6fee26e55f,ScoreTable,LinkedIn,The Thanksgiving load test,2028-10-23
2fcf84db-9c6f-4e91-9e2b-83c352701d5a,ScoreTable,LinkedIn,The training refresh before summer staffing,2027-03-30
d0f59c36-290f-499b-87d9-54b0b7dabe92,ScoreTable,LinkedIn,The training refresh before summer staffing,2029-07-10
40b49658-c797-4558-805d-a7c01dfaf8ed,ScoreTable,LinkedIn,There is no single restaurant grading system in the United States.,2027-06-29
edb1e155-7fad-4398-a58e-cdfde7311588,ScoreTable,LinkedIn,Transparency isn't the same as comparability.,2029-12-11
3b0158d8-26d9-4e5d-99fb-3f7357fe2fe0,ScoreTable,LinkedIn,"Ventilation, airflow, and the summer ahead",2027-06-01
bc7bd401-68d5-4808-b5bd-164746deb382,ScoreTable,LinkedIn,"Ventilation, airflow, and the summer ahead",2029-05-01
6ffd4c88-4843-4afe-8cd3-730bb6acda01,ScoreTable,LinkedIn,Volume changes your interval,2028-07-31
c3a444ef-5a00-44e0-bb90-c13b0d054b42,ScoreTable,LinkedIn,Volume changes your interval,2028-07-07
75a9e93a-517b-4e79-b986-9d460f4c3d31,ScoreTable,LinkedIn,What 2026 taught us,2029-05-21
3736d844-965d-443f-837a-180d219ffd1f,ScoreTable,LinkedIn,What 2026 taught us,2029-06-15
3af118b6-ef33-4478-8737-c78114974497,ScoreTable,LinkedIn,What a fire marshal sees that you don't,2028-06-06
c22c57e9-1a04-46cf-b59f-3b8eebca7d46,ScoreTable,LinkedIn,What a fire marshal sees that you don't,2028-05-12
fd2409a4-df8c-49c4-93bc-a3facd62bb6b,ScoreTable,LinkedIn,What a published inspection result doesn't tell you.,2030-03-05
71c69041-0203-4374-8ab8-1fdac04c7d04,ScoreTable,LinkedIn,What a published inspection result proves — precisely.,2028-05-09
9bbe1169-8567-49ce-8797-cf747b9b5996,ScoreTable,LinkedIn,What changed in the rules this year,2027-07-29
de7ebef1-43ad-43e1-a189-359c1df1384a,ScoreTable,LinkedIn,What changed in the rules this year,2027-07-27
8a204435-7800-4971-9b4b-fd530e72b34c,ScoreTable,LinkedIn,What ScoreTable does and doesn't do.,2028-09-05
d4e658ca-ea85-4769-b893-da174d863c2a,ScoreTable,LinkedIn,What we got wrong,2029-07-31
936368ba-4922-40ec-add2-619811c40323,ScoreTable,LinkedIn,What we got wrong,2028-10-10
485ac10a-3c93-488f-ab87-93b208f16560,ScoreTable,LinkedIn,What your carrier actually asks for,2030-06-06
6cb40875-a3b1-493c-9593-61733b93c303,ScoreTable,LinkedIn,What your carrier actually asks for,2030-06-12
d4f182a0-571c-4445-bf5e-78a9e2253655,ScoreTable,LinkedIn,Why methodology belongs next to the data.,2029-08-07
d703aea5-4bfd-4b5a-a2d4-5c788b61bb66,ScoreTable,LinkedIn,Why we publish the date as prominently as the result.,2029-08-21
f5eee756-1f53-45b3-8332-f6b334155c97,ScoreTable,LinkedIn,Why we won't build a national restaurant rating.,2030-01-29
043efcbd-3610-4730-9d74-7729c06eda0c,ScoreTable,LinkedIn,Your first inspection of the year,2030-01-18
6254e26e-5779-4a4a-8127-baba5c4d7222,ScoreTable,LinkedIn,Your first inspection of the year,2029-12-24
04546bdb-2f3b-4736-82e8-7d288abca778,ScoreTable,X,Close the year with a complete record,2029-02-27
0ed83c63-23f3-4992-b280-fa7400a853df,ScoreTable,X,Close the year with a complete record,2029-02-09
321a160f-76b0-481a-b781-23c75e7b4f41,ScoreTable,X,Coverage,2027-02-16
89ac000b-bb22-4e19-a085-9881f1ae0850,ScoreTable,X,"Coverage, exclusions, and the fine print",2028-07-11
268efb8b-33cb-4aa4-a1e7-6713044881be,ScoreTable,X,"Coverage, exclusions, and the fine print",2026-12-29
753b38ae-9d42-43ef-8889-e8375eaad34f,ScoreTable,X,Cross-contact and the allergen requirement most kitchens miss,2027-08-20
e03c78e6-c2f0-4c5c-95d9-199a0657047c,ScoreTable,X,Cross-contact and the allergen requirement most kitchens miss,2027-09-16
b84a715e-03f0-41a8-9117-a64ee8efa5db,ScoreTable,X,Date,2029-01-23
91cb0bf8-2bc1-438f-b0e6-eace17d1a13b,ScoreTable,X,Different weight,2028-08-08
3ebc2212-fbc0-435e-a4b2-ffb2461bfcb3,ScoreTable,X,Exhaust fans and the failure you can hear,2027-05-11
1723bd51-85f7-44e1-8ca2-80fb79dd0cba,ScoreTable,X,Exhaust fans and the failure you can hear,2026-11-24
27462bc1-85b4-4ebf-9ebc-7dbb46c9ead6,ScoreTable,X,Fire Prevention Month: the kitchen is the ignition point,2028-01-06
3620a66f-6d55-4fc7-b771-cb315ea90d42,ScoreTable,X,Fire Prevention Month: the kitchen is the ignition point,2027-12-14
5c1f1665-b1a2-4c84-ba8e-19d6a9c32fc8,ScoreTable,X,Fire safety in the hottest month,2027-07-13
2bbd0810-14c3-41c6-a8a2-cf86671a0651,ScoreTable,X,Fire safety in the hottest month,2027-07-15
ebb3b2e9-adae-4e23-9430-2a3d9192e658,ScoreTable,X,Grease interception and the other authority,2029-12-18
348d9efd-7e61-420a-b111-46f4f6e611cb,ScoreTable,X,Grease interception and the other authority,2027-03-09
efbc108c-f319-4994-a89a-db1acb67ad4a,ScoreTable,X,"Handler cards, CFPM, and the certification cliff",2027-07-26
c5bdfe2a-1c89-4933-9a89-ca6a1e509637,ScoreTable,X,"Handler cards, CFPM, and the certification cliff",2027-07-08
4a75ad9f-3c72-431a-b3d8-6df0710a9f77,ScoreTable,X,"Heat, humidity, and holding temperature",2027-07-20
582c20d6-a5d1-4a2e-9316-4c230937e4d9,ScoreTable,X,"Heat, humidity, and holding temperature",2027-10-12
7fc310e0-4f41-4e00-9991-f58b942b3963,ScoreTable,X,"Loss control: information, not accusation",2028-03-21
e1aca742-1561-472c-a6d0-660374d7b667,ScoreTable,X,"Loss control: information, not accusation",2029-10-23
0b13a900-9888-4105-9a72-7141b922205d,ScoreTable,X,Methodology,2026-10-06
405f96ee-8678-45f6-bb76-c8a7b2fd5286,ScoreTable,X,Multi-location: what doesn't transfer,2030-02-14
7826067d-6f6a-4d22-8be0-971bd729af5d,ScoreTable,X,Multi-location: what doesn't transfer,2030-03-13
7f49ef5c-3b27-4a81-838c-c5873290c553,ScoreTable,X,"New staff, old procedures",2028-09-06
b88950a6-3f95-4ba8-be42-0f414894b3dd,ScoreTable,X,"New staff, old procedures",2028-09-28
4f815d6e-acf5-4a0e-8d28-74c99e76365e,ScoreTable,X,NFPA 96 in plain English,2028-01-28
2d65b4f0-33bb-4973-bfed-5fbfa1bb7f0b,ScoreTable,X,NFPA 96 in plain English,2028-02-29
27aec52e-615d-486a-85c0-bbcb5281123a,ScoreTable,X,No ratings,2027-01-05
0d161ea2-77d6-47df-9cf9-f67fd4236d2b,ScoreTable,X,No single system,2026-10-20
4a993b87-d6d4-44ba-b2df-a06f92e2abca,ScoreTable,X,Not comparable,2027-07-27
20c66f97-a2e8-49c5-8cf9-bd27a9f31925,ScoreTable,X,One input,2026-12-15
aa41364d-6824-49d1-b2ee-d9657b5ed568,ScoreTable,X,One year of the Founder cohort,2027-07-22
7d98acee-5965-47a4-9401-6fd8d684bf84,ScoreTable,X,One year of the Founder cohort,2027-07-20
7822a4d9-892e-4488-939e-9bb4e7d23868,ScoreTable,X,"Patio, outdoor, and mobile: the requirements change",2028-03-07
0219525b-d5ef-4f3b-9a70-2ff3736d2ab0,ScoreTable,X,"Patio, outdoor, and mobile: the requirements change",2026-09-01
88568d22-946d-4821-8d51-a44e529d3f53,ScoreTable,X,Peak season readiness,2028-06-13
84cef89c-3952-4538-afd9-c0afd2fe612f,ScoreTable,X,Peak season readiness,2028-04-25
6b2bbd7a-608c-42c8-b0bc-3c05831d38a7,ScoreTable,X,"Pest, and the requirement that's always current",2028-01-25
ff1f2e72-b2af-4db7-bbd3-3f7924b357df,ScoreTable,X,"Pest, and the requirement that's always current",2030-02-19
865ffedb-6d22-46a2-a2a4-aad29205e615,ScoreTable,X,Predict. Reduce. Prove. — year two,2027-08-12
2ef01fcf-03e8-47ab-ad4b-8b96c9697626,ScoreTable,X,Predict. Reduce. Prove. — year two,2027-08-10
5c5109d5-7caa-42b7-9dcf-5d224ecc6b02,ScoreTable,X,"Reduce, not prevent",2029-01-11
3f51e1cc-2e67-4475-a588-3cf85a4d506c,ScoreTable,X,"Reduce, not prevent",2028-12-15
009c9cf8-b99d-4284-a46d-1638818aa64a,ScoreTable,X,Refrigeration: recovery time over temperature,2026-08-18
0508b733-8bb9-45b9-9036-61bc5ce8a58b,ScoreTable,X,Refrigeration: recovery time over temperature,2026-09-08
35f2537e-d945-4816-a4ca-f9a7e7f028f4,ScoreTable,X,Scope,2027-03-16
6d36302f-5a19-4a90-8078-7380dad739d9,ScoreTable,X,"Selling, buying, and the diligence file",2028-02-22
4dc76788-beee-4543-a7be-bb32891cebb9,ScoreTable,X,"Selling, buying, and the diligence file",2027-08-03
2a271f8d-aec9-47c6-b4a6-fb972c948c04,ScoreTable,X,Setting the year: what to fix first,2029-10-02
5cdcf63c-0cb6-441b-acb0-e1084ac43a30,ScoreTable,X,Setting the year: what to fix first,2029-09-04
b933b062-37dd-4708-b280-d836c88d3cdc,ScoreTable,X,Spring inspection season opens,2029-01-30
2c4f1aca-30a3-4417-bcb7-7472f34d5fe0,ScoreTable,X,Spring inspection season opens,2027-02-02
302cf15f-847a-4618-af03-bba2363b8a63,ScoreTable,X,"Summer volume, shorter intervals",2027-02-09
580a8973-e6a9-441e-af6f-09182b5fe94e,ScoreTable,X,"Summer volume, shorter intervals",2027-10-05
15ff39ff-64ca-4770-99a3-8c5a9d076c0e,ScoreTable,X,Suppression service life,2026-11-10
5533e4bc-47ce-4b10-8ab6-4f58418bb144,ScoreTable,X,Suppression service life,2027-09-21
1bd521d7-1cc2-4686-ae1e-12f7c8272fad,ScoreTable,X,Suppression: the system that gives you no feedback,2028-04-13
1ffe4c74-0aad-4800-80e5-2226c7b19957,ScoreTable,X,Suppression: the system that gives you no feedback,2028-03-30
5898a360-1d2d-4794-b213-99c3c88e851f,ScoreTable,X,The claim you'll never file,2027-10-26
e40585b3-00e4-472c-85c3-96cda4e1f88c,ScoreTable,X,The claim you'll never file,2029-11-06
7ddfb5f0-1901-4cfc-9e02-d55a3a60f9e0,ScoreTable,X,The compliance budget conversation,2029-11-29
eef96efb-3b10-4aed-89fd-b9aba6a8ed86,ScoreTable,X,The compliance budget conversation,2029-10-29
febbe923-a9bd-49b3-8d3c-c62b457bf524,ScoreTable,X,The equipment you're going to replace this year,2030-04-29
4218268c-415a-4340-a1af-6f3ac2021bba,ScoreTable,X,The equipment you're going to replace this year,2030-04-10
d802c922-9695-4e4b-a506-97bf5a6ccc03,ScoreTable,X,"The five temperature logs, not one",2029-08-21
428f5503-0ca7-4513-8aa1-e0f2a1563449,ScoreTable,X,"The five temperature logs, not one",2027-06-01
e286a733-6516-4eaf-92f6-511c3d51faf5,ScoreTable,X,"The fryer, the thermostat, and the fire",2029-10-30
570eddc4-c7af-49b5-8ea1-aefde1d12867,ScoreTable,X,"The fryer, the thermostat, and the fire",2027-09-28
d29bf819-d0ab-4cc3-801e-93fdc7e09f56,ScoreTable,X,The mid-year proof check,2029-07-24
a5b9400b-e8e7-47f6-9378-ffb74417620f,ScoreTable,X,The mid-year proof check,2028-10-31
df8cb93c-fceb-4c5f-9cfb-55f16a36903d,ScoreTable,X,The next 169,2027-08-05
9cf7c627-48a3-4012-abc7-ada736e37989,ScoreTable,X,The next 169,2027-08-03
f7f84190-9d7b-4708-9bda-41aa2961e4e4,ScoreTable,X,The pre-Q4 walkthrough,2027-11-16
df0f72d7-5d05-4d98-95c6-fc431003c894,ScoreTable,X,The pre-Q4 walkthrough,2027-10-14
5c46844d-a90a-4aa0-b9f3-d9804d48593e,ScoreTable,X,The quiet week,2029-07-20
afa89ccc-47e5-487a-9754-504f73b43844,ScoreTable,X,The quiet week,2029-08-14
3c865c39-99bb-4fea-9f3e-78622a62dbae,ScoreTable,X,The record at eleven months,2027-04-27
cd07c3e7-d37d-4aff-9f37-f2351108d336,ScoreTable,X,The record at eleven months,2029-06-12
3739d18c-1fda-4ca2-841d-1eb70476da97,ScoreTable,X,The renewal your carrier is already reviewing,2029-04-20
81e174dc-db9f-4f5f-8ac8-327f1eb40823,ScoreTable,X,The renewal your carrier is already reviewing,2029-04-06
f86c8190-926e-4ae5-923f-1819aee90553,ScoreTable,X,The Thanksgiving load test,2028-11-22
7765f52b-ffcf-4771-8222-a46ad2a94e41,ScoreTable,X,The Thanksgiving load test,2028-10-20
6c373009-b9ae-41e0-8a60-53d0965ee7b0,ScoreTable,X,The training refresh before summer staffing,2028-02-15
c75b10c4-2090-4759-be71-83de37be5ee0,ScoreTable,X,The training refresh before summer staffing,2029-05-01
e6e4a551-eb6f-4360-b0a4-57731621fdc6,ScoreTable,X,Two authorities,2029-11-13
14aed936-b445-4473-ac42-0b2ee7796c70,ScoreTable,X,"Ventilation, airflow, and the summer ahead",2026-11-03
6ba7fc10-a618-482c-812c-c34a9b95e496,ScoreTable,X,"Ventilation, airflow, and the summer ahead",2028-02-08
5b566e8a-ceec-4546-896c-5b43e3283f28,ScoreTable,X,Volume changes your interval,2028-08-02
9afbf4b6-ad75-4dc4-9164-bd8e5d0c3389,ScoreTable,X,Volume changes your interval,2028-07-10
a12d22d2-ccae-417f-a47c-76cb50b66ab0,ScoreTable,X,What 2026 taught us,2029-05-30
7a10b30a-55f0-4ff0-ae60-236c7070eada,ScoreTable,X,What 2026 taught us,2029-06-22
f5659528-6561-4505-9e79-4eb7af82c924,ScoreTable,X,What a fire marshal sees that you don't,2028-05-18
b70eb338-c876-45dc-b976-76960eac1d9d,ScoreTable,X,What a fire marshal sees that you don't,2028-06-15
6184d9ab-6223-4eaa-a539-223e1165d060,ScoreTable,X,What changed in the rules this year,2027-07-29
62a20717-3e5d-44e6-9564-801f222631ed,ScoreTable,X,What changed in the rules this year,2027-07-27
e100b417-8e7f-49dc-aef0-705975408016,ScoreTable,X,What we got wrong,2029-10-09
49b056e2-37d0-44c0-894a-05a1442fdd70,ScoreTable,X,What we got wrong,2027-07-13
f8b0784b-5701-4bfc-8738-f0fcd07cd772,ScoreTable,X,What your carrier actually asks for,2030-05-29
adaf6553-6476-46b6-b598-f6a1590abe87,ScoreTable,X,What your carrier actually asks for,2030-06-13
37bcada7-1da8-4ffe-8605-700943311c8e,ScoreTable,X,Your first inspection of the year,2029-12-20
0ca21964-4d7e-4668-be8c-ccec1197bfd5,ScoreTable,X,Your first inspection of the year,2030-01-22
ba2c3bbb-bd3e-408b-b776-62249189a373,ScoreTable,YouTube,Close the year with a complete record,2029-02-13
a8beeb9d-5701-45d8-980d-aa0c953da143,ScoreTable,YouTube,"Coverage, exclusions, and the fine print",2027-09-28
2eb6872c-83a2-4cae-9342-5bf39e11019a,ScoreTable,YouTube,Cross-contact and the allergen requirement most kitchens miss,2027-08-30
0e28b429-7808-489a-8eb7-d8a5c79eda34,ScoreTable,YouTube,Exhaust fans and the failure you can hear,2026-09-22
22c3f883-181f-4cdd-b24b-4cd17edfd798,ScoreTable,YouTube,Fire Prevention Month: the kitchen is the ignition point,2027-12-08
bf46a210-bf64-4155-83dc-369af218c1f1,ScoreTable,YouTube,Fire safety in the hottest month,2027-07-13
324425e7-124c-4658-a2bc-77d64adf1f2e,ScoreTable,YouTube,Grease interception and the other authority,2026-12-08
dde166fb-e2a9-4ee7-a1b8-e3eeff886501,ScoreTable,YouTube,"Handler cards, CFPM, and the certification cliff",2027-11-30
4262d268-ce5e-4bbd-92c6-8b88929fc382,ScoreTable,YouTube,"Heat, humidity, and holding temperature",2027-01-12
7a40f996-ee41-4df5-842d-0d84fb4216e6,ScoreTable,YouTube,"Loss control: information, not accusation",2027-04-27
e5d9d0e5-135f-4c46-aef1-e7c8e0d94efb,ScoreTable,YouTube,Multi-location: what doesn't transfer,2030-02-15
1669f44b-0996-4d35-a0ba-200c25c9c458,ScoreTable,YouTube,"New staff, old procedures",2028-08-30
b18150e4-bff1-4e2c-a2fd-a9f5c7f201d0,ScoreTable,YouTube,NFPA 96 in plain English,2028-01-31
bdfcb0bf-8003-49f0-8db0-b38ec0b2a357,ScoreTable,YouTube,One year of the Founder cohort,2027-07-20
370c4ad8-763c-4a55-910b-a4db8928dad9,ScoreTable,YouTube,"Patio, outdoor, and mobile: the requirements change",2026-12-22
00521fa4-a386-478f-a90f-0afac4b3513e,ScoreTable,YouTube,Peak season readiness,2026-08-18
9a4daa8a-3854-4f63-975e-b92375f8a141,ScoreTable,YouTube,"Pest, and the requirement that's always current",2027-08-17
be5fde92-e588-4b27-91a7-8c19839f00e5,ScoreTable,YouTube,Predict. Reduce. Prove. — year two,2027-08-10
801a72c8-a5c1-4dca-ab82-ab5d7568a061,ScoreTable,YouTube,"Reduce, not prevent",2028-12-13
8d09258d-3c07-423b-8556-648d5ae6595b,ScoreTable,YouTube,Refrigeration: recovery time over temperature,2027-07-13
89f9b3f9-c3b0-4e7d-9266-c2bf3cd0a06f,ScoreTable,YouTube,"Same violation, different county, different consequence (6-8 min)",2027-07-06
7d925245-5630-4898-ade3-2d6597f1c25e,ScoreTable,YouTube,"Selling, buying, and the diligence file",2027-05-18
f7ffaef2-a580-46a9-bc48-b5ff1c9d35fb,ScoreTable,YouTube,Setting the year: what to fix first,2029-09-10
9eee63d2-66c5-498e-89f4-d95ef26d9d12,ScoreTable,YouTube,Spring inspection season opens,2027-08-31
9f29d21e-f42b-46c0-b62c-81e0ce7eccda,ScoreTable,YouTube,"Summer volume, shorter intervals",2027-09-07
7d17e933-7002-4fcf-a022-0d5af39a28de,ScoreTable,YouTube,Suppression service life,2027-05-11
4850351f-8aae-4a3b-a8e9-2e1f7383921b,ScoreTable,YouTube,Suppression: the system that gives you no feedback,2028-03-24
04de106c-6d5b-4bc6-a9ff-1bcc3b9108ab,ScoreTable,YouTube,The claim you'll never file,2026-09-01
f5d2d08f-cbe6-4786-9caa-9cab769e8eb9,ScoreTable,YouTube,The compliance budget conversation,2029-11-01
097fcee4-595b-49d2-b5d0-ab0b302dd898,ScoreTable,YouTube,The equipment you're going to replace this year,2030-04-09
db4a84ee-725b-494d-a2af-dea047481a06,ScoreTable,YouTube,"The five temperature logs, not one",2027-11-09
e1555cd2-1503-4565-80d3-fb89c20ef538,ScoreTable,YouTube,"The fryer, the thermostat, and the fire",2027-12-07
967ceedb-37a4-404c-afc2-881674e4aed3,ScoreTable,YouTube,The mid-year proof check,2027-08-10
f1b286e4-00b7-477f-b6f2-dd70ea435147,ScoreTable,YouTube,The next 169,2027-08-03
7fd3dd27-9ae2-4af9-b296-c825cc2a7b68,ScoreTable,YouTube,The pre-Q4 walkthrough,2027-10-20
1603fa8d-2e9a-49be-a298-3a0cb8f851e8,ScoreTable,YouTube,The quiet week,2029-07-12
dc1217a2-6134-4d75-8487-b3d153074c86,ScoreTable,YouTube,The record at eleven months,2027-11-16
29b96a83-89cd-48eb-8cf7-4e5bf9513637,ScoreTable,YouTube,The renewal your carrier is already reviewing,2029-03-28
89bd871b-99a7-4078-9a33-5504010ff3e5,ScoreTable,YouTube,The Thanksgiving load test,2028-10-25
166d7d11-c986-4c06-a34d-9cc403677b28,ScoreTable,YouTube,The training refresh before summer staffing,2026-09-29
798a4b59-d875-4786-92aa-662af9393538,ScoreTable,YouTube,There is no national restaurant grading system (6-8 min),2027-04-13
941cb8ca-6f29-4539-a253-27d27027e489,ScoreTable,YouTube,Two authorities decide if a kitchen is safe (6-8 min),2027-08-03
f9298400-c05c-49f0-9976-7ee13e7afd01,ScoreTable,YouTube,"Ventilation, airflow, and the summer ahead",2028-02-08
0bea1351-2d25-4845-8caf-a287da747ec0,ScoreTable,YouTube,Volume changes your interval,2028-07-14
989657a3-0add-4897-96b6-dab17c837a99,ScoreTable,YouTube,What 2026 taught us,2029-05-23
ff2dd3b4-633f-4a59-b8f8-34f1fa10caf4,ScoreTable,YouTube,What a fire marshal sees that you don't,2028-05-22
2d1b2999-c423-4f63-92f4-e40f486d5ab5,ScoreTable,YouTube,What a published inspection record proves — precisely (6-8 min),2026-11-03
f9b92681-461e-4075-ba83-f7e13d8d8070,ScoreTable,YouTube,What a published inspection result doesn't tell you (6-8 min),2028-02-22
ff9531fa-db68-4ad1-824d-ead376d5da78,ScoreTable,YouTube,What changed in the rules this year,2027-07-27
a0242a20-a5a3-488d-a56b-4b07433d815b,ScoreTable,YouTube,What we got wrong,2027-09-14
6ecb7bfd-e2b8-4e2b-9681-3ccdcfb454d4,ScoreTable,YouTube,What your carrier actually asks for,2030-05-28
674ab913-7348-4ad3-97c0-e8472e4bebd7,ScoreTable,YouTube,Your first inspection of the year,2029-12-28
1cec6651-455f-403c-9cfd-5b0413cd0e5c,Stovio Advisors,Articles,Close the year with a complete record,2029-03-08
ea266feb-a5af-431d-ae8c-2766b2c644df,Stovio Advisors,Articles,Close the year with a complete record,2029-01-31
27df6965-640e-45ec-a95f-e9099af2d350,Stovio Advisors,Articles,"Coverage, exclusions, and the fine print",2026-11-24
07fc5ad1-da1f-432c-8105-f1e08f40cb5c,Stovio Advisors,Articles,"Coverage, exclusions, and the fine print",2026-09-01
39d2b7d2-52bc-477d-b7d0-7b4d799b05ae,Stovio Advisors,Articles,Cross-contact and the allergen requirement most kitchens miss,2027-09-20
7e5dfc82-12ff-4ddc-9238-f3b28c417399,Stovio Advisors,Articles,Cross-contact and the allergen requirement most kitchens miss,2027-08-16
45fb1038-f014-4679-944b-3e5b2173462b,Stovio Advisors,Articles,Cuisine type and grease accumulation: when your interval is wrong,2027-02-23
0b87d32e-4d84-4946-b52b-f4af039f4495,Stovio Advisors,Articles,Equipment drift: the 90-day signals that precede commercial kitchen failure,2026-09-15
1f6615fa-4ee0-45b4-adf7-5a6f7e627a0c,Stovio Advisors,Articles,Exhaust fans and the failure you can hear,2026-10-20
07638c4d-cd75-43ac-bb44-4f79800b7c54,Stovio Advisors,Articles,Exhaust fans and the failure you can hear,2026-08-25
b7f49a0a-6477-46d1-8bea-1441868d9b75,Stovio Advisors,Articles,Fire Prevention Month: the kitchen is the ignition point,2027-12-03
e9f37bfa-83f2-479e-ac0f-6df62a940537,Stovio Advisors,Articles,Fire Prevention Month: the kitchen is the ignition point,2028-01-05
85f437f5-79df-44ec-91b3-2f22b1f336d0,Stovio Advisors,Articles,Fire safety in the hottest month,2027-07-12
93eb41bb-1141-4e78-a6c4-fe0e5eba2d42,Stovio Advisors,Articles,Fire safety in the hottest month,2027-07-15
3fecc54f-9693-4459-80f1-6cef779a9c15,Stovio Advisors,Articles,Grease interception and the other authority,2027-01-05
1cba071d-7ec4-402b-afc0-29ef7fe5cb73,Stovio Advisors,Articles,Grease interception and the other authority,2026-10-13
05da011d-2873-4b94-9456-cb752d7d9e0a,Stovio Advisors,Articles,"Handler cards, CFPM, and the certification cliff",2027-07-29
0c08834b-9d45-4b46-819a-33d5e94a7981,Stovio Advisors,Articles,"Handler cards, CFPM, and the certification cliff",2026-09-22
3710d1af-96ff-4fce-a6a5-e50318ed5352,Stovio Advisors,Articles,"Heat, humidity, and holding temperature",2026-12-29
44d49589-9347-4859-9545-860e3e051c71,Stovio Advisors,Articles,"Heat, humidity, and holding temperature",2027-02-02
33575843-ec2d-4fdd-a6ef-30e268a00d91,Stovio Advisors,Articles,"Letter grade, numeric, pass/fail: which model produces fewer failures?",2026-12-15
0b251079-7577-4c8e-8b7b-0b2829ecb160,Stovio Advisors,Articles,"Loss control: information, not accusation",2026-09-08
a95ad2b7-270c-4841-b458-1b2464166dd6,Stovio Advisors,Articles,"Loss control: information, not accusation",2027-06-08
a2626e45-37c1-401e-a9b8-2931e060e202,Stovio Advisors,Articles,Multi-location: what doesn't transfer,2030-02-08
99f66230-4852-4b2f-948a-0587b9bea5e0,Stovio Advisors,Articles,Multi-location: what doesn't transfer,2030-03-07
aca27adb-a489-4bd8-930d-17909e4f1cf3,Stovio Advisors,Articles,"New staff, old procedures",2028-09-21
b0b2c2bd-f835-4e21-8f43-e62b71a9a77d,Stovio Advisors,Articles,"New staff, old procedures",2028-08-22
49053cde-b6c7-45ad-8b15-cc30c7cd520d,Stovio Advisors,Articles,NFPA 96 in plain English,2028-02-25
0c24fc9b-61ae-4c8c-91be-eeb8f6b1eb72,Stovio Advisors,Articles,NFPA 96 in plain English,2028-01-25
e885e3e8-e374-4bc5-beda-6e7846215d26,Stovio Advisors,Articles,One year of the Founder cohort,2027-07-19
29c24d46-b4b2-480a-a138-f4fd186aaa44,Stovio Advisors,Articles,One year of the Founder cohort,2027-07-22
b517833d-044f-47c1-8243-ca686acdfa87,Stovio Advisors,Articles,"Patio, outdoor, and mobile: the requirements change",2027-06-29
2657151f-d05a-417f-b639-23b4c3b062f0,Stovio Advisors,Articles,"Patio, outdoor, and mobile: the requirements change",2026-11-17
e835fc98-0d5d-4ebc-9383-f4b408faeb9c,Stovio Advisors,Articles,Peak season readiness,2027-07-27
75519672-ce43-463a-bb49-379470a35aa5,Stovio Advisors,Articles,Peak season readiness,2027-04-20
33eecbd5-e8d7-4679-8284-e638d71b8232,Stovio Advisors,Articles,"Pest, and the requirement that's always current",2026-12-22
a3ff6155-5c79-4ea3-804e-9bad7c3d3d23,Stovio Advisors,Articles,"Pest, and the requirement that's always current",2027-06-01
25327380-c7b4-47f3-916a-eb2f54d48aa6,Stovio Advisors,Articles,Predict. Reduce. Prove. — year two,2027-08-12
0b75da7a-20d4-4886-975c-9a9468bacff3,Stovio Advisors,Articles,Predict. Reduce. Prove. — year two,2027-08-09
a2300b55-eaf0-4b4b-8b71-a275f5070614,Stovio Advisors,Articles,"Reduce, not prevent",2029-01-05
56012ab4-0c02-463f-ae86-d49d5d4bae6d,Stovio Advisors,Articles,"Reduce, not prevent",2028-12-11
969e92f6-5b82-4129-9981-6e1c2105c053,Stovio Advisors,Articles,Refrigeration: recovery time over temperature,2027-05-25
4e55a1f7-b01e-480f-b369-49ab0d3239aa,Stovio Advisors,Articles,Refrigeration: recovery time over temperature,2027-03-09
24e277e1-888e-4df9-9012-fc757555c77d,Stovio Advisors,Articles,"Riverside, San Bernardino, Orange: three counties, three rulebooks",2026-11-10
196358e4-1de9-4c2a-975b-66c7091dfcfb,Stovio Advisors,Articles,"Selling, buying, and the diligence file",2026-10-06
f2aecc2e-e100-48a1-8a48-53366e62bad6,Stovio Advisors,Articles,"Selling, buying, and the diligence file",2027-08-10
1fbc2df4-21ae-41bc-8179-25482a86f7c8,Stovio Advisors,Articles,Setting the year: what to fix first,2029-08-30
b1e8ef02-3852-47f7-bbaf-d0e53e9b68ef,Stovio Advisors,Articles,Setting the year: what to fix first,2029-09-27
1fc62093-ef7b-458a-b6a5-87298ee932ed,Stovio Advisors,Articles,Spring inspection season opens,2026-10-27
49874a64-42e9-4f16-84c2-547fa46678f4,Stovio Advisors,Articles,Spring inspection season opens,2027-03-02
32fed0a7-d328-4756-ac42-66d39c56087a,Stovio Advisors,Articles,"Summer volume, shorter intervals",2026-12-08
6ba19295-611a-4c3f-881b-687de39c6ae4,Stovio Advisors,Articles,"Summer volume, shorter intervals",2027-03-23
0638d2ec-a022-4306-8586-208dec541b76,Stovio Advisors,Articles,Suppression service life,2026-08-18
87171eb8-2dda-402f-a22c-4da9b91435ae,Stovio Advisors,Articles,Suppression service life,2027-05-04
263cc049-17f6-4611-bfb9-f1bda1455315,Stovio Advisors,Articles,Suppression: the system that gives you no feedback,2028-03-16
b08d065a-a9ef-438b-bab6-f2e5f0ce0c58,Stovio Advisors,Articles,Suppression: the system that gives you no feedback,2028-04-24
dc25083b-3333-421d-a466-2f53d1a3ccb2,Stovio Advisors,Articles,The claim you'll never file,2027-07-13
936b1591-99da-4e84-9e65-e62d18ca8bb4,Stovio Advisors,Articles,The claim you'll never file,2027-05-18
2c818a55-4eda-430e-8406-0c9b0c367b58,Stovio Advisors,Articles,The compliance budget conversation,2029-10-22
cef34b5d-b9a2-463d-a595-88a062fe6c74,Stovio Advisors,Articles,The compliance budget conversation,2029-11-27
e1b3070f-f911-4492-be96-3951c59afbf3,Stovio Advisors,Articles,The dual-jurisdiction kitchen: when two authorities govern one building,2027-07-20
737328df-a1cc-405b-a765-3fea29b18bf7,Stovio Advisors,Articles,The equipment you're going to replace this year,2030-05-06
21d7c895-c846-4da7-874f-d308bc6c7bdb,Stovio Advisors,Articles,The equipment you're going to replace this year,2030-03-29
6d41c6b3-162a-4f9b-8168-2c3db6646652,Stovio Advisors,Articles,The five documentation gaps that turn a covered fire into a denied claim,2027-03-30
44d5a479-cb97-4c9c-a14e-ab805baf5496,Stovio Advisors,Articles,"The five temperature logs, not one",2027-02-09
f4e9c120-9b8f-4b3c-b3a4-9568e708e4db,Stovio Advisors,Articles,"The five temperature logs, not one",2027-08-17
f83dc2ff-686c-4604-b156-8e711cf558e5,Stovio Advisors,Articles,"The fryer, the thermostat, and the fire",2027-08-24
6197d8e8-2238-4ed8-a9b1-34cf56100455,Stovio Advisors,Articles,"The fryer, the thermostat, and the fire",2027-03-16
b4d3fa0a-158c-48ff-879e-a039b62af814,Stovio Advisors,Articles,The mid-year proof check,2027-06-22
11abfbf7-3b9a-486e-8ddc-dc4db1f28e5a,Stovio Advisors,Articles,The mid-year proof check,2026-09-29
e0665f59-2aee-4148-9372-17790c2cc1a2,Stovio Advisors,Articles,The next 169,2027-08-05
a87f7f38-ef65-43fc-9c3f-cc353ff9c45d,Stovio Advisors,Articles,The next 169,2027-08-02
7438e17b-5005-4d63-bdf7-e3492a0427ed,Stovio Advisors,Articles,The pre-Q4 walkthrough,2027-11-12
a84ac00f-6b60-4bd7-862e-363ceb003749,Stovio Advisors,Articles,The pre-Q4 walkthrough,2027-10-12
9e7efab4-edd4-4479-a140-7839e735b2ac,Stovio Advisors,Articles,The quiet week,2029-07-06
6813f08b-12a2-4b4b-a732-e57ad8c87d25,Stovio Advisors,Articles,The quiet week,2029-08-13
44c36491-53d1-4453-a132-008959ebe252,Stovio Advisors,Articles,The record at eleven months,2027-01-26
afdb3d98-db84-4e8a-a94a-b8a34316cb33,Stovio Advisors,Articles,The record at eleven months,2027-06-15
42d017b1-6023-4a02-a4e3-f399801f43ea,Stovio Advisors,Articles,The records that survive a change of ownership,2027-01-19
83791096-d615-4203-85d5-ee1c4d117b5c,Stovio Advisors,Articles,The renewal your carrier is already reviewing,2029-04-27
fef97c8c-91d3-428b-b4b7-985020531ee7,Stovio Advisors,Articles,The renewal your carrier is already reviewing,2029-03-23
8bb79480-bb41-4148-97c6-15fa84a3ad55,Stovio Advisors,Articles,The Thanksgiving load test,2028-11-16
2c9bb945-7146-48e8-a012-9da0c74e64a5,Stovio Advisors,Articles,The Thanksgiving load test,2028-10-13
45049d5b-89b7-45fd-96e8-6ffd1abfa67d,Stovio Advisors,Articles,The training refresh before summer staffing,2027-02-16
222a4da0-e4c4-4ec9-80a0-9c08affb0fd2,Stovio Advisors,Articles,The training refresh before summer staffing,2026-11-03
d817b223-3c0d-48ab-84e7-285bfa31482c,Stovio Advisors,Articles,"Ventilation, airflow, and the summer ahead",2027-07-06
424164cc-108e-475e-ace4-c76f1535706a,Stovio Advisors,Articles,"Ventilation, airflow, and the summer ahead",2027-01-12
be17ec3c-dcfd-4ccd-a9c7-9d17ae6bfe43,Stovio Advisors,Articles,Volume changes your interval,2028-06-30
6c2970a4-a9b8-4b9b-8898-22d01d42e828,Stovio Advisors,Articles,Volume changes your interval,2028-08-07
f27b9a6b-fd09-4950-b192-55e8fd44bad8,Stovio Advisors,Articles,What 'provable' means under three different kinds of scrutiny,2027-08-03
04bee50b-a06b-4a48-9ecc-6630b7f4219e,Stovio Advisors,Articles,What 2026 taught us,2029-06-18
d26dafee-f840-4ef4-8c4a-e368c02dd95b,Stovio Advisors,Articles,What 2026 taught us,2029-05-16
30442878-7443-407e-89f8-1944702ebd65,Stovio Advisors,Articles,What a fire marshal sees that you don't,2028-05-08
b7aae8b0-0020-43fa-8df0-c70a33875222,Stovio Advisors,Articles,What a fire marshal sees that you don't,2028-06-08
6e1a3e7a-94f1-4aca-b88f-be97632796d9,Stovio Advisors,Articles,What changed in the rules this year,2027-07-26
9f84dff1-1ddb-4651-9c23-420a6f464e4b,Stovio Advisors,Articles,What changed in the rules this year,2027-07-29
7b048d69-3603-4a32-902e-2f037a70a74e,Stovio Advisors,Articles,What Los Angeles County inspectors look for in the first 90 seconds,2027-04-27
895a3d45-68ea-4b71-b359-b36c4c5e3293,Stovio Advisors,Articles,What triggers a carrier loss control inspection — and what they find,2027-05-11
73c7608f-dab6-42ea-82fe-cb0fe6279b35,Stovio Advisors,Articles,What we got wrong,2027-04-06
2da7482f-6de7-4241-acdb-ab23b5824042,Stovio Advisors,Articles,What we got wrong,2026-12-01
748d1071-9f94-43da-acec-ea10cc0bd91d,Stovio Advisors,Articles,What your carrier actually asks for,2027-04-13
08aa4d40-e654-4f21-9425-622b248b249f,Stovio Advisors,Articles,What your carrier actually asks for,2030-05-23
d18b04af-e47f-4e9b-8711-5c684a73602f,Stovio Advisors,Articles,Your first inspection of the year,2030-01-17
55e30195-32d4-48e9-bf97-99f11bff3db2,Stovio Advisors,Articles,Your first inspection of the year,2029-12-13
130bd133-4dc7-4554-83d2-c2c059f1090d,Stovio Advisors,Email,Close the year with a complete record,2029-09-18
a25d8590-50a5-4791-84fa-234093e162d2,Stovio Advisors,Email,"Coverage, exclusions, and the fine print",2027-11-02
4e1b347d-0a29-4112-9235-e771ba95dd0d,Stovio Advisors,Email,Cross-contact and the allergen requirement most kitchens miss,2028-04-04
df818c84-90f5-405f-b2e6-40651cafbe3b,Stovio Advisors,Email,Exhaust fans and the failure you can hear,2028-05-02
61bc0a5e-d65e-42dd-b7fe-990d89a7254f,Stovio Advisors,Email,Fire Prevention Month: the kitchen is the ignition point,2028-07-19
5cedde78-8421-46f8-af06-ddb2ddc248ed,Stovio Advisors,Email,Fire safety in the hottest month,2027-08-28
d2a71a93-1c9a-44d6-bf40-c629bae7c295,Stovio Advisors,Email,Grease interception and the other authority,2028-03-21
53a12d74-3aa2-47f0-9252-5640acd7b623,Stovio Advisors,Email,"Handler cards, CFPM, and the certification cliff",2028-02-10
b1e4e17a-2ae3-441e-8df5-3bec09e5eb1c,Stovio Advisors,Email,"Heat, humidity, and holding temperature",2027-11-30
3f9ff742-4803-4a41-adf5-0fd7f7157aa0,Stovio Advisors,Email,"Issue 1: 169 rulebooks, not one",2027-03-09
9c487145-6fb7-467d-8d86-9842948b8f71,Stovio Advisors,Email,"Issue 2: Two authorities, one kitchen",2027-10-12
05ed308f-8e37-4816-bd2f-b735df267a36,Stovio Advisors,Email,Issue 3: Paid or denied,2026-09-29
1abb85c5-2e1b-4706-878b-f2f324e9389f,Stovio Advisors,Email,Issue 4: The 90-day warning,2027-09-03
3f4cb64b-522b-4cfa-974d-3099a94128cd,Stovio Advisors,Email,Issue 5: What 'provable' means,2027-10-27
656159d1-a9c4-4c58-9c7e-d7b3a9e758b7,Stovio Advisors,Email,"Loss control: information, not accusation",2027-05-11
4fafadf4-4d46-4a95-af9c-32518d58c4bc,Stovio Advisors,Email,Multi-location: what doesn't transfer,2027-04-06
986f46ce-5857-47a0-8aca-53030f3c723c,Stovio Advisors,Email,"New staff, old procedures",2029-04-11
b6f6fc51-347f-497b-a9be-d72c2dc1e957,Stovio Advisors,Email,NFPA 96 in plain English,2028-09-11
8d6e55a3-66f2-4fb7-9eab-49fa2f145b45,Stovio Advisors,Email,One year of the Founder cohort,2027-09-04
46e45523-0a50-4a5e-8d5a-37338643c008,Stovio Advisors,Email,"Patio, outdoor, and mobile: the requirements change",2027-03-16
c4528d00-9588-4002-b5ac-07ef9101e4a8,Stovio Advisors,Email,Peak season readiness,2027-07-31
c11fd32e-e873-4a35-bc5f-ee3b93e7eadf,Stovio Advisors,Email,"Pest, and the requirement that's always current",2028-01-04
b4514be0-5d89-42c1-a5f4-89162e3d3dd1,Stovio Advisors,Email,Predict. Reduce. Prove. — year two,2027-09-25
d9fde2b7-7e45-4e0e-b6f7-56bc0b0d0a55,Stovio Advisors,Email,"Reduce, not prevent",2029-07-26
ceae7514-a08e-4a4f-8e56-4747718ddf9b,Stovio Advisors,Email,Refrigeration: recovery time over temperature,2028-02-29
97dae3c2-ab9c-4347-85c1-dfe3d1963b14,Stovio Advisors,Email,"Selling, buying, and the diligence file",2027-08-21
4c5fadc5-fb9f-4b72-b445-6f43ac303e02,Stovio Advisors,Email,Setting the year: what to fix first,2030-04-18
27c9bd86-c0ac-48e5-a6f7-7cf914052281,Stovio Advisors,Email,Spring inspection season opens,2026-12-22
72c34f16-d2ca-4187-ba9c-bb2f4c94800e,Stovio Advisors,Email,"Summer volume, shorter intervals",2027-06-15
2cab9d3d-2007-49c4-90b8-02f4853630ac,Stovio Advisors,Email,Suppression service life,2027-01-19
a3d062ff-0f51-4059-a0e3-b742b8a248d7,Stovio Advisors,Email,Suppression: the system that gives you no feedback,2028-11-02
b1f63cd5-324e-42c3-907a-92fc62857768,Stovio Advisors,Email,The claim you'll never file,2027-12-07
dbe3064b-21d2-4cd3-80fa-5dfb1d3ff873,Stovio Advisors,Email,The compliance budget conversation,2030-06-11
67b97387-17c9-46d1-a545-5d111ade878d,Stovio Advisors,Email,The equipment you're going to replace this year,2027-05-25
43b0801a-f637-4c6b-82c4-5d7c0623ae4d,Stovio Advisors,Email,"The five temperature logs, not one",2027-12-20
1da1d1ae-3f72-4ecb-8b22-ea720adefc59,Stovio Advisors,Email,"The fryer, the thermostat, and the fire",2026-11-10
15879460-5f05-4264-a6b4-a3b73550a27b,Stovio Advisors,Email,The mid-year proof check,2026-10-13
7e54bffa-a2db-43e6-9266-b1ded71a2bbb,Stovio Advisors,Email,The next 169,2027-09-18
25655a64-bf7d-4eb5-9666-b98a7bfe55d3,Stovio Advisors,Email,The pre-Q4 walkthrough,2028-05-26
d2789f5f-45ae-467b-a09b-ab6785541e0b,Stovio Advisors,Email,The quiet week,2030-02-25
092c2ea4-877d-4082-9137-62199b28c213,Stovio Advisors,Email,The record at eleven months,2027-08-07
1d9e649a-9118-481b-b98a-9c0b2362a5b4,Stovio Advisors,Email,The renewal your carrier is already reviewing,2029-11-09
20c62397-3030-41cc-a059-aca71ae533cf,Stovio Advisors,Email,The Thanksgiving load test,2029-06-04
c496ac0d-8bc3-4cf8-a715-d45bcdb372fb,Stovio Advisors,Email,The training refresh before summer staffing,2028-02-01
dc42c0fa-2096-4ae9-bcd4-12394022ddb9,Stovio Advisors,Email,"Ventilation, airflow, and the summer ahead",2028-04-11
301411e5-aa14-4be0-9c98-ae50af46207f,Stovio Advisors,Email,Volume changes your interval,2029-02-16
181e095f-5421-47b6-b08a-edd0898488c0,Stovio Advisors,Email,What 2026 taught us,2030-01-02
3ef9019a-9f69-45bd-b443-dae1b128d20f,Stovio Advisors,Email,What a fire marshal sees that you don't,2028-12-26
2c6c29a0-8884-4d66-98fe-57fd81221edd,Stovio Advisors,Email,What changed in the rules this year,2027-09-11
b47e85c1-4833-495d-bd7f-8217c1a82490,Stovio Advisors,Email,What we got wrong,2027-08-14
0af43728-1d8a-4f2c-9edf-0a4341cac69f,Stovio Advisors,Email,What your carrier actually asks for,2026-10-06
97cb6150-880a-4fc3-880c-eecf791d3389,Stovio Advisors,Email,Your first inspection of the year,2027-09-28
b1943165-0d90-47d5-aa3c-6463042148ed,Stovio Advisors,Facebook,Close the year with a complete record,2029-02-22
cb5db9e3-00e0-4ad5-8d85-e4f9abac22f5,Stovio Advisors,Facebook,Close the year with a complete record,2029-03-12
cea7ea58-badb-4360-b3ed-471402da5bb3,Stovio Advisors,Facebook,Closing the month.,2029-06-19
398375f1-50ee-4f9a-b7c2-3940d121fe75,Stovio Advisors,Facebook,"Coverage, exclusions, and the fine print",2027-05-25
3be48a15-60b6-43b3-a45c-3a815086e293,Stovio Advisors,Facebook,"Coverage, exclusions, and the fine print",2027-06-15
56c1f252-4fdd-417e-b07b-706e821f4bba,Stovio Advisors,Facebook,Cross-contact and the allergen requirement most kitchens miss,2027-09-06
f0a22938-6c14-43e7-91c4-8c1e4b67aef2,Stovio Advisors,Facebook,Cross-contact and the allergen requirement most kitchens miss,2027-10-05
ff34a5ce-55dd-4954-b887-785d74738576,Stovio Advisors,Facebook,Exhaust fans and the failure you can hear,2030-03-05
0b19698d-fa47-4419-aa3e-e71e8f661512,Stovio Advisors,Facebook,Exhaust fans and the failure you can hear,2026-11-03
bd8951fc-418c-4890-9c6f-e9153c810d0f,Stovio Advisors,Facebook,Fire Prevention Month: the kitchen is the ignition point,2027-12-27
72f0f5ee-bd34-4883-9d10-3376c2bd73f1,Stovio Advisors,Facebook,Fire Prevention Month: the kitchen is the ignition point,2028-01-19
8dcde85e-eaaf-4c25-a69f-934ce0df94ca,Stovio Advisors,Facebook,Fire safety in the hottest month,2027-07-16
1520d857-bd91-4cc7-bcfe-903585cd47ab,Stovio Advisors,Facebook,Fire safety in the hottest month,2027-07-14
7f051638-46a0-48c9-b023-61841c1abbce,Stovio Advisors,Facebook,Grease interception and the other authority,2028-05-30
281b4500-70ea-4866-912b-7ea74603718b,Stovio Advisors,Facebook,Grease interception and the other authority,2027-03-16
cc7204f3-1263-45e9-a098-0f78fe584d96,Stovio Advisors,Facebook,"Handler cards, CFPM, and the certification cliff",2027-07-14
caf0d2d0-3f53-4cd8-b9ea-fcb8a6380231,Stovio Advisors,Facebook,"Handler cards, CFPM, and the certification cliff",2027-08-11
d7ee2d8a-7cc3-499c-9ecb-013a62fbac5c,Stovio Advisors,Facebook,"Heat, humidity, and holding temperature",2029-08-14
6e2d7433-c96f-4a4c-b5d2-fb5066435076,Stovio Advisors,Facebook,"Heat, humidity, and holding temperature",2028-04-04
ecfd76d4-401d-427c-b27a-7b407940757c,Stovio Advisors,Facebook,LA County: the first 90 seconds,2029-11-06
43e5c07b-ef1a-4a70-8fce-3e2a5ac122b0,Stovio Advisors,Facebook,"Loss control, explained",2027-08-10
05605da5-071b-4b9a-bf16-7d262edb5203,Stovio Advisors,Facebook,"Loss control: information, not accusation",2026-09-08
08164da6-14b0-4c3d-b5bb-70fb18c7ac40,Stovio Advisors,Facebook,"Loss control: information, not accusation",2026-10-06
84494b10-a6d2-4cb6-898a-f6f274f3b38c,Stovio Advisors,Facebook,Multi-location: what doesn't transfer,2030-03-26
acf0dfac-57f1-4c9c-8a5b-a201bf5d558e,Stovio Advisors,Facebook,Multi-location: what doesn't transfer,2030-03-01
81d1d6f3-1b23-498a-88b7-d70d2d07ed67,Stovio Advisors,Facebook,"New staff, old procedures",2028-09-07
76ff626c-b570-423b-8f4e-d9d8f3dd2cdf,Stovio Advisors,Facebook,"New staff, old procedures",2028-10-06
ddf80819-deb5-4a5e-9c82-ed4cd4ad8405,Stovio Advisors,Facebook,NFPA 96 in plain English,2028-02-10
fd8983be-a49f-4772-a91a-e175814c02d0,Stovio Advisors,Facebook,NFPA 96 in plain English,2028-03-02
48022b25-be59-488a-a556-634ba3eb5153,Stovio Advisors,Facebook,One year of the Founder cohort,2027-07-21
5eca0942-fa94-4309-8ecb-572240c2d76e,Stovio Advisors,Facebook,One year of the Founder cohort,2027-07-23
b1941c82-c024-469e-a155-7f2c925c1ae0,Stovio Advisors,Facebook,Paid or denied,2029-03-27
3f890aec-c3bd-4839-8ebd-8f7a82da7404,Stovio Advisors,Facebook,"Patio, outdoor, and mobile: the requirements change",2027-07-06
4b7be0f7-ccff-487d-ad6a-6929af4af42e,Stovio Advisors,Facebook,"Patio, outdoor, and mobile: the requirements change",2027-09-21
26916b8c-a549-42df-b7f9-b0100277a8bd,Stovio Advisors,Facebook,Peak season readiness,2027-03-02
51d1d115-9b72-4018-8303-51572ea6f030,Stovio Advisors,Facebook,Peak season readiness,2027-11-02
af59c516-d88d-4f0f-983c-4305bb7ad937,Stovio Advisors,Facebook,"Pest, and the requirement that's always current",2029-02-27
ea5318da-8398-4618-ade2-358eb33a0648,Stovio Advisors,Facebook,"Pest, and the requirement that's always current",2029-10-30
9b33783f-f644-4831-bc5b-e0414b17aa3a,Stovio Advisors,Facebook,Predict. Reduce. Prove. — year two,2027-08-13
5187caf6-ad47-4e09-b656-5cf580bf1cf0,Stovio Advisors,Facebook,Predict. Reduce. Prove. — year two,2027-08-11
94448ab2-bd6a-449a-9637-f8f319063a1b,Stovio Advisors,Facebook,"Reduce, not prevent",2028-12-29
443339a1-887e-4c87-85b1-7eb434da6ed5,Stovio Advisors,Facebook,"Reduce, not prevent",2029-01-22
4ae27979-aa21-4261-a832-bf2ca1a3a796,Stovio Advisors,Facebook,Refrigeration: recovery time over temperature,2027-09-07
434cb144-c406-4443-8d9d-a02628400b48,Stovio Advisors,Facebook,Refrigeration: recovery time over temperature,2027-08-03
8c870bf0-e318-4420-9573-2c5ef4f92bc0,Stovio Advisors,Facebook,"Selling, buying, and the diligence file",2027-07-09
ced8fa36-f449-41d4-84f4-914ef666e219,Stovio Advisors,Facebook,"Selling, buying, and the diligence file",2029-06-26
d01d09fc-6ff8-4b7e-a554-04072bc1a81e,Stovio Advisors,Facebook,Setting the year: what to fix first,2029-10-16
71d23943-db2e-4ba2-91de-9d419dac4fae,Stovio Advisors,Facebook,Setting the year: what to fix first,2029-09-21
50a6b601-b4ce-4359-8431-f044fee6a2d6,Stovio Advisors,Facebook,Spring inspection season opens,2027-10-26
9076cf94-a40f-4ace-9eb2-c9db3ed3bb51,Stovio Advisors,Facebook,Spring inspection season opens,2028-09-19
1235091e-070a-4444-9856-411c7ce0aa59,Stovio Advisors,Facebook,"Summer volume, shorter intervals",2026-12-15
7971a059-4fea-4e7f-b75c-3203cba5ba98,Stovio Advisors,Facebook,"Summer volume, shorter intervals",2028-05-02
582b38b2-c943-4f24-b11b-79ed3c57429d,Stovio Advisors,Facebook,Suppression service life,2027-12-14
bb7ad3b6-4a01-4a84-b42f-29d6f0a4baa7,Stovio Advisors,Facebook,Suppression service life,2029-04-10
8b9cb579-fb04-4f02-b8e1-6b690fea46cf,Stovio Advisors,Facebook,Suppression: the system that gives you no feedback,2028-04-26
eea865e3-50d5-488d-81d3-883b9de0ee66,Stovio Advisors,Facebook,Suppression: the system that gives you no feedback,2028-04-06
8ff4abf8-8844-405c-b0d3-c9ac2e18422e,Stovio Advisors,Facebook,The 90-day warning,2028-08-29
d29717ef-4dc2-4d9b-996f-0218bd838624,Stovio Advisors,Facebook,The claim you'll never file,2029-07-24
2369f32b-b425-42fc-ab05-4e58a2290b8f,Stovio Advisors,Facebook,The claim you'll never file,2027-02-09
8ef9be65-8585-47ab-b453-efb4430c40eb,Stovio Advisors,Facebook,The compliance budget conversation,2029-12-06
14fdbd98-112f-4f65-b028-6093ff35d3ce,Stovio Advisors,Facebook,The compliance budget conversation,2029-11-16
63a7342d-b55c-47b3-850e-518643e5ec13,Stovio Advisors,Facebook,The equipment you're going to replace this year,2030-04-17
357df65c-d5e2-4ec4-bcc2-8d2453e63400,Stovio Advisors,Facebook,The equipment you're going to replace this year,2030-05-13
607ace63-ebda-4a53-a905-dce9c0eca886,Stovio Advisors,Facebook,"The five temperature logs, not one",2028-02-08
42144436-d423-45fe-bc3c-a99d01cd8a7d,Stovio Advisors,Facebook,"The five temperature logs, not one",2027-07-27
3971f3da-d4ba-4576-aea1-4d1d1c06a0c2,Stovio Advisors,Facebook,"The fryer, the thermostat, and the fire",2027-05-18
96efea35-2115-4ce4-abed-6e3a7a32ec88,Stovio Advisors,Facebook,"The fryer, the thermostat, and the fire",2028-11-07
7d53c653-c9d9-46ee-b1cb-a74d969e298b,Stovio Advisors,Facebook,The mid-year proof check,2028-05-23
11731384-30de-4d66-83f1-3718be4c1952,Stovio Advisors,Facebook,The mid-year proof check,2026-12-08
64ae6760-740f-4451-a831-f24690176379,Stovio Advisors,Facebook,The next 169,2027-08-06
9dca09f8-9bd7-4a28-b3fe-a66d4f8df03a,Stovio Advisors,Facebook,The next 169,2027-08-04
e6b30ce0-f587-443f-bee7-c40f2cac7185,Stovio Advisors,Facebook,The pre-Q4 walkthrough,2027-11-17
51b901c9-3ea8-44ac-90e5-ee9a28b13782,Stovio Advisors,Facebook,The pre-Q4 walkthrough,2027-10-25
7e388fb2-798e-4ed9-9272-ee56ae4ca2f3,Stovio Advisors,Facebook,The quiet week,2029-08-17
8ccf8722-a8ca-438c-9ccc-e49d5c51d9b1,Stovio Advisors,Facebook,The quiet week,2029-08-02
76b87c23-5c2d-47eb-a254-2fbde1adeeea,Stovio Advisors,Facebook,The record at eleven months,2028-04-25
bcbce35d-ab3b-47e2-953c-e8b1675f7f76,Stovio Advisors,Facebook,The record at eleven months,2029-04-17
7a4bd786-add3-4f82-b24c-b4dd7aec8f79,Stovio Advisors,Facebook,The renewal your carrier is already reviewing,2029-04-17
a3cc2e12-380d-47dc-bfb3-cae0247794b0,Stovio Advisors,Facebook,The renewal your carrier is already reviewing,2029-05-04
3af7b314-c2d6-4e91-a94d-6b7dcda3143c,Stovio Advisors,Facebook,The rulebook isn't one book,2027-06-08
d7645a5d-5074-4409-b423-11c04e7267d8,Stovio Advisors,Facebook,The Thanksgiving load test,2028-11-30
9b970759-8582-440b-8f76-2d9a46cc05e9,Stovio Advisors,Facebook,The Thanksgiving load test,2028-11-09
df2eb6d1-3b78-4891-9c47-d7cdbc10ca34,Stovio Advisors,Facebook,The training refresh before summer staffing,2029-09-18
4aad5d20-9940-4dad-8c5c-d5e4eec5ee75,Stovio Advisors,Facebook,The training refresh before summer staffing,2027-08-31
d05191e0-4a90-49a6-ae6f-a2cb344857e9,Stovio Advisors,Facebook,"Two authorities, one kitchen",2029-07-03
0e0872dd-ea78-4aed-a46f-800d3e5a19fc,Stovio Advisors,Facebook,"Ventilation, airflow, and the summer ahead",2026-11-17
82ba6dd4-46b8-4f64-87db-4ce574d624ec,Stovio Advisors,Facebook,"Ventilation, airflow, and the summer ahead",2028-06-20
b6461b84-7f2a-4220-bd0e-a275bda96340,Stovio Advisors,Facebook,Volume changes your interval,2028-07-19
5add10f3-f632-4c8d-ba47-39c31db51df3,Stovio Advisors,Facebook,Volume changes your interval,2028-08-18
f21ccd4a-e87f-4c08-af3d-7b6068d29350,Stovio Advisors,Facebook,Well run and provable aren't the same thing.,2029-12-11
e4b481a5-c2e4-4ac6-8524-7c45f3bd8779,Stovio Advisors,Facebook,What 2026 taught us,2029-06-05
541f10d4-b156-42f4-8845-cb8ac8aa6f9c,Stovio Advisors,Facebook,What 2026 taught us,2029-06-28
90d6ea9a-51ec-4f78-ae9f-8611f71cddf1,Stovio Advisors,Facebook,What a fire marshal sees that you don't,2028-06-23
21f5abad-08ec-4d88-b5de-fedcde58bc09,Stovio Advisors,Facebook,What a fire marshal sees that you don't,2028-05-25
9fc47f2c-f055-4fc1-aa18-b6413d289551,Stovio Advisors,Facebook,What changed in the rules this year,2027-07-28
c02544f7-67e0-4aba-ba26-f0d09f3292eb,Stovio Advisors,Facebook,What changed in the rules this year,2027-07-30
69f8ff85-65c4-406c-8dd4-684735cba42d,Stovio Advisors,Facebook,What we got wrong,2028-03-14
944d01cc-6a81-4125-9495-d7e86452ea31,Stovio Advisors,Facebook,What we got wrong,2028-10-31
d4036a95-89e8-478c-bc92-b2f18ba827a7,Stovio Advisors,Facebook,What your carrier actually asks for,2029-07-31
81fe3793-b4ef-40fd-a9a3-6a5b8b29632c,Stovio Advisors,Facebook,What your carrier actually asks for,2028-06-06
4bace0d5-44ff-46f2-abcc-992b89e3cbaa,Stovio Advisors,Facebook,Which grading model actually works?,2027-10-05
16558de3-d5f0-483f-9e11-aeda386da534,Stovio Advisors,Facebook,Your first inspection of the year,2030-01-24
3f1b65d4-80a6-4584-8fb5-672a8dcc7eea,Stovio Advisors,Facebook,Your first inspection of the year,2030-01-10
c3c3b58c-da51-4e85-a94f-e09d4652c725,Stovio Advisors,Facebook,Your interval might be wrong,2029-04-24
8341fe6c-0e47-4dff-a73c-d702c99bad42,Stovio Advisors,Instagram,Carousel — models,2028-03-21
ea1d46bb-2242-4064-83a1-9cb446211cbd,Stovio Advisors,Instagram,Carousel — Table 12.4,2029-05-01
c7f45a6f-1763-4e7a-87b1-afaadb4f42b2,Stovio Advisors,Instagram,Carousel — three audiences,2028-12-12
ff2d3e3b-1a8c-4c33-bbcc-203d7beba4f4,Stovio Advisors,Instagram,Close the year with a complete record,2029-03-15
bc869258-709c-4101-9da7-2f9d6ef0db3c,Stovio Advisors,Instagram,Close the year with a complete record,2029-02-21
2ac82d48-a255-472a-9a42-92157bda0139,Stovio Advisors,Instagram,"Coverage, exclusions, and the fine print",2027-01-26
fb9dcf64-cc75-439a-b0f8-7e06893bc447,Stovio Advisors,Instagram,"Coverage, exclusions, and the fine print",2029-07-17
85cc2b39-5cca-4bb7-8650-51a27a1882ac,Stovio Advisors,Instagram,Cross-contact and the allergen requirement most kitchens miss,2027-10-04
19856462-6fc1-47f0-a003-d41ea0541eb8,Stovio Advisors,Instagram,Cross-contact and the allergen requirement most kitchens miss,2027-09-08
ff4180c9-1889-4010-8637-981d22ccb7e4,Stovio Advisors,Instagram,Exhaust fans and the failure you can hear,2029-08-14
606e1541-3f92-49cd-b4e7-d47dd22dcaec,Stovio Advisors,Instagram,Exhaust fans and the failure you can hear,2027-10-19
cc2fb164-893b-4177-9e3e-2b7df1323a84,Stovio Advisors,Instagram,Fire Prevention Month: the kitchen is the ignition point,2028-01-10
c584520a-11ba-4601-8b89-cb283d766ef4,Stovio Advisors,Instagram,Fire Prevention Month: the kitchen is the ignition point,2027-12-21
f515746f-0cb5-4705-b12c-13fdad0c9e3f,Stovio Advisors,Instagram,Fire safety in the hottest month,2027-07-16
f55e85d8-bf9c-48b5-b9ad-6f069f830e8e,Stovio Advisors,Instagram,Fire safety in the hottest month,2027-07-14
03e19f52-de3b-4e57-8d87-6e2897e468b5,Stovio Advisors,Instagram,Grease interception and the other authority,2026-09-01
e091c429-aa5b-41fa-a5a9-7dd677f160a7,Stovio Advisors,Instagram,Grease interception and the other authority,2029-04-10
c8ae8496-e92b-4c4d-a44f-d19eb8f9e019,Stovio Advisors,Instagram,"Handler cards, CFPM, and the certification cliff",2027-07-09
ff85628c-9ec5-4c36-bd32-b630addcfabb,Stovio Advisors,Instagram,"Handler cards, CFPM, and the certification cliff",2027-08-03
d46533cc-fbff-43c5-bf76-8b5a23664093,Stovio Advisors,Instagram,"Heat, humidity, and holding temperature",2029-02-13
5a154235-fac1-4469-aeaf-57247f3d611f,Stovio Advisors,Instagram,"Heat, humidity, and holding temperature",2027-09-07
d7b4b000-4714-4ca9-9388-4402f3555162,Stovio Advisors,Instagram,"Loss control: information, not accusation",2029-02-20
de60b2ed-4a10-479c-87c3-db246f1eba69,Stovio Advisors,Instagram,"Loss control: information, not accusation",2029-04-03
07dcbc74-5df9-49e1-9886-614a2df4cc9f,Stovio Advisors,Instagram,Multi-location: what doesn't transfer,2030-03-20
8da110cf-0129-42a0-889a-5953ff2deb93,Stovio Advisors,Instagram,Multi-location: what doesn't transfer,2030-02-27
b81b4b2e-5737-4df8-a313-1c5292e86789,Stovio Advisors,Instagram,"New staff, old procedures",2028-10-03
4e2bd341-a4ea-4e80-b554-31169cc8e39b,Stovio Advisors,Instagram,"New staff, old procedures",2028-09-13
23939ce1-3412-4dee-96b0-a743895706ed,Stovio Advisors,Instagram,NFPA 96 in plain English,2028-03-09
3867c326-5fcc-4bae-bf9f-4817ee18e245,Stovio Advisors,Instagram,NFPA 96 in plain English,2028-02-15
f78954e5-aee6-4871-ba5a-7db474bae456,Stovio Advisors,Instagram,One year of the Founder cohort,2027-07-21
e6462f4e-7fbf-44d0-b99a-d97ef37bbe4f,Stovio Advisors,Instagram,One year of the Founder cohort,2027-07-23
f72c86a1-88a0-42e9-805a-5f475783a6c1,Stovio Advisors,Instagram,"Patio, outdoor, and mobile: the requirements change",2029-06-26
008f65c5-8405-4bdf-bc69-268e44de8889,Stovio Advisors,Instagram,"Patio, outdoor, and mobile: the requirements change",2026-08-18
a2e63885-4bfc-4d37-abc4-2ac82ea9240e,Stovio Advisors,Instagram,Peak season readiness,2028-08-29
971470d6-d1a2-43ef-b6ff-4d01caf5596c,Stovio Advisors,Instagram,Peak season readiness,2028-06-06
42fca029-c49d-482b-ac14-6c198a1a4c6e,Stovio Advisors,Instagram,"Pest, and the requirement that's always current",2027-05-18
92951b48-291b-4b96-a6c0-e836ce1e10aa,Stovio Advisors,Instagram,"Pest, and the requirement that's always current",2028-05-09
3492e078-02f8-47c2-9cea-933ae5171745,Stovio Advisors,Instagram,Predict. Reduce. Prove. — year two,2027-08-13
fcbfe8a2-2a66-4664-b777-645af082a4d0,Stovio Advisors,Instagram,Predict. Reduce. Prove. — year two,2027-08-11
be284c7b-8f00-4146-b902-8d74d280d1c5,Stovio Advisors,Instagram,"Reduce, not prevent",2029-01-16
6733f8d0-4dd8-40ee-a61c-cbcd7848d300,Stovio Advisors,Instagram,"Reduce, not prevent",2028-12-25
7f3be9c1-e338-4383-9557-2cd7237ea353,Stovio Advisors,Instagram,Refrigeration: recovery time over temperature,2028-03-14
5bddeb13-4adb-4b93-9044-a5984262109a,Stovio Advisors,Instagram,Refrigeration: recovery time over temperature,2027-09-28
2717dab8-0168-4065-ac5b-6330402205b7,Stovio Advisors,Instagram,"Selling, buying, and the diligence file",2027-01-12
55fce917-cba3-4a6a-888b-c7472238eff4,Stovio Advisors,Instagram,"Selling, buying, and the diligence file",2027-07-09
dd42d68e-bba5-4143-b8ee-c6b3e13fa338,Stovio Advisors,Instagram,Setting the year: what to fix first,2029-09-18
919001c7-9599-4d41-a05a-ab19873f7501,Stovio Advisors,Instagram,Setting the year: what to fix first,2029-10-17
42a5f1b3-a579-467b-ab78-70aabdd8eb99,Stovio Advisors,Instagram,Spring inspection season opens,2027-05-11
6b4cb0c3-1650-4b88-8175-e63b78d2faf2,Stovio Advisors,Instagram,Spring inspection season opens,2027-12-14
491598b5-5867-44ee-a120-725108b9eeef,Stovio Advisors,Instagram,"Summer volume, shorter intervals",2027-06-29
7b423e47-3fd4-42b6-b34d-5dc1b9ca79cd,Stovio Advisors,Instagram,"Summer volume, shorter intervals",2028-02-15
50bc86da-7195-4205-8c73-85c2fe920447,Stovio Advisors,Instagram,Suppression service life,2027-07-20
7d60e27e-3df2-48ca-a287-2de979f6b396,Stovio Advisors,Instagram,Suppression service life,2028-02-29
c46111d6-0fc7-40ad-81a8-3c932a2280e1,Stovio Advisors,Instagram,Suppression: the system that gives you no feedback,2028-04-27
34e893b3-df25-450b-a03c-c884d9c206c3,Stovio Advisors,Instagram,Suppression: the system that gives you no feedback,2028-04-05
a1bf94a2-37b9-4b70-a902-9b4956857ea1,Stovio Advisors,Instagram,The claim you'll never file,2028-08-22
1173d268-7372-4db7-b120-2033060921b9,Stovio Advisors,Instagram,The claim you'll never file,2026-09-29
fb29954c-9395-4b6c-9027-26ffdc97d478,Stovio Advisors,Instagram,The compliance budget conversation,2029-12-05
07c8914d-be2f-4210-9fdf-8af2dddcf9c5,Stovio Advisors,Instagram,The compliance budget conversation,2029-11-14
53b7dd6a-0bbf-45c0-86f7-9310f4c2103e,Stovio Advisors,Instagram,The equipment you're going to replace this year,2030-04-25
28e4fafe-0f12-4222-b90a-a04f476543a7,Stovio Advisors,Instagram,The equipment you're going to replace this year,2030-05-10
5a4855ba-bf4c-4906-977f-3c29a9ce7b56,Stovio Advisors,Instagram,"The five temperature logs, not one",2027-09-14
ef6266a4-bc42-41f2-aa6e-398a7540f4d3,Stovio Advisors,Instagram,"The five temperature logs, not one",2029-05-22
55911d03-5402-4942-9b6b-fd862195756e,Stovio Advisors,Instagram,"The fryer, the thermostat, and the fire",2027-08-24
ca9f4eda-88d6-4a1a-a168-fffd0dbd846b,Stovio Advisors,Instagram,"The fryer, the thermostat, and the fire",2028-12-19
b69fa213-5747-4905-9b69-ee1200fdca01,Stovio Advisors,Instagram,The mid-year proof check,2028-10-24
b11da86d-cbf0-425a-b8d5-9262ded92618,Stovio Advisors,Instagram,The mid-year proof check,2028-10-03
6f02cf67-2bbf-4c83-b9ec-6e0195f054ac,Stovio Advisors,Instagram,The next 169,2027-08-04
3dfcf5de-bb4e-4f23-8bf0-e4463e00e643,Stovio Advisors,Instagram,The next 169,2027-08-06
3565c9dd-db75-4602-97d0-f9619be14367,Stovio Advisors,Instagram,The pre-Q4 walkthrough,2027-11-03
01a7b20b-32a4-42a0-9477-ce6d57712364,Stovio Advisors,Instagram,The pre-Q4 walkthrough,2027-11-22
7792c241-62ab-401c-9d6a-a23f753aea75,Stovio Advisors,Instagram,The quiet week,2029-07-31
6583af98-de98-46b3-b962-467f8e4281f6,Stovio Advisors,Instagram,The quiet week,2029-08-21
04282df6-675b-49e9-9440-eaf782a11be2,Stovio Advisors,Instagram,The record at eleven months,2026-09-08
d988e8da-7454-44d4-b0d9-55198c6745e0,Stovio Advisors,Instagram,The record at eleven months,2029-03-13
ba57c7fe-823e-4589-8fc1-15fa5e33e1e1,Stovio Advisors,Instagram,The renewal your carrier is already reviewing,2029-05-10
b0d08579-6ce8-4e90-bd26-9ff0904c486e,Stovio Advisors,Instagram,The renewal your carrier is already reviewing,2029-04-18
e5929ac1-e939-41dc-882f-88f797c00bba,Stovio Advisors,Instagram,The Thanksgiving load test,2028-11-28
a8396732-2cf0-4af9-a30c-7bcc428f812e,Stovio Advisors,Instagram,The Thanksgiving load test,2028-10-31
35786339-b452-4859-8ecb-d4642c8e9899,Stovio Advisors,Instagram,The training refresh before summer staffing,2027-03-23
1d37cd34-f5f1-4308-8d31-52bcda8c7429,Stovio Advisors,Instagram,The training refresh before summer staffing,2026-12-15
19ce9b9e-a456-4060-9698-c31fd1a2f5b1,Stovio Advisors,Instagram,Tile — 169,2026-11-17
1192c34d-f0f1-4ea8-b4b1-a07c05ca5bb0,Stovio Advisors,Instagram,Tile — 90 days,2026-10-06
8654859c-2831-4dc9-9f04-c0ccacee0eda,Stovio Advisors,Instagram,Tile — 90 seconds,2028-03-28
9d6a50a6-e343-4c92-8a71-c5bff149950b,Stovio Advisors,Instagram,Tile — paid or denied,2028-08-01
9cb42171-4224-4ec0-8e83-8e77899bd600,Stovio Advisors,Instagram,Tile — provable,2028-07-18
43bbd5f6-042a-461d-a34a-1c207e159e45,Stovio Advisors,Instagram,Tile — pull-quote,2027-05-25
1753b39e-5c73-46bf-88e3-b0e3d3a2efc9,Stovio Advisors,Instagram,Tile — two authorities,2026-11-10
44e0db21-5f0b-4ce4-ae02-3e360fc321d7,Stovio Advisors,Instagram,"Ventilation, airflow, and the summer ahead",2027-06-08
3c1e6332-6876-4122-be18-e5bc1d1fc216,Stovio Advisors,Instagram,"Ventilation, airflow, and the summer ahead",2027-04-13
a5a4d37b-db07-41ea-b780-14765ce75bc6,Stovio Advisors,Instagram,Volume changes your interval,2028-07-21
26b3064e-1013-430a-a5ea-65b805b78ed8,Stovio Advisors,Instagram,Volume changes your interval,2028-08-09
c79bc162-59b8-4024-a723-5828945ba223,Stovio Advisors,Instagram,What 2026 taught us,2029-06-26
40de72f1-59cc-409f-9022-1cfb928c55bc,Stovio Advisors,Instagram,What 2026 taught us,2029-06-08
83182c49-abd8-489f-b711-c5d5d11d1987,Stovio Advisors,Instagram,What a fire marshal sees that you don't,2028-06-26
8060ba6e-f935-4eee-935c-6f4eb81f0728,Stovio Advisors,Instagram,What a fire marshal sees that you don't,2028-05-24
18b7db6a-73f7-4951-89d4-e9e916ec9a12,Stovio Advisors,Instagram,What changed in the rules this year,2027-07-30
40fea550-5520-465b-8499-c1ccc1ba7440,Stovio Advisors,Instagram,What changed in the rules this year,2027-07-28
ebe89fa1-ee4d-41c0-9f88-31e2919bb42d,Stovio Advisors,Instagram,What we got wrong,2029-05-08
c253aacf-f573-464b-842d-7bccaec1197c,Stovio Advisors,Instagram,What we got wrong,2028-11-07
175265a1-9a01-4559-aead-da466d6f2fd5,Stovio Advisors,Instagram,What your carrier actually asks for,2026-11-03
2cac5f51-a2be-426b-81e2-9b9f817fd50f,Stovio Advisors,Instagram,What your carrier actually asks for,2027-02-09
541d3a8a-3e2d-4fa6-b207-1cfd0892d741,Stovio Advisors,Instagram,Your first inspection of the year,2030-01-01
3767aeed-8f8b-4847-a05e-62b89c7535b5,Stovio Advisors,Instagram,Your first inspection of the year,2030-01-29
00ef3d70-ef91-46b0-874c-937cf831714f,Stovio Advisors,LinkedIn,Close the year with a complete record,2029-02-05
c3d4e748-cc2f-46fe-8e85-c6701b383e6e,Stovio Advisors,LinkedIn,Close the year with a complete record,2029-03-06
c8075d84-4316-452e-87b9-6df30843aef1,Stovio Advisors,LinkedIn,"Coverage, exclusions, and the fine print",2029-06-12
30e02c19-0078-4f7c-ba1b-de8c9bde52b9,Stovio Advisors,LinkedIn,"Coverage, exclusions, and the fine print",2027-04-13
e8f16057-dae5-489b-a4be-7c2d21073f27,Stovio Advisors,LinkedIn,Cross-contact and the allergen requirement most kitchens miss,2027-09-15
3aeef7f5-84a9-43a6-84ac-3528d534a25c,Stovio Advisors,LinkedIn,Cross-contact and the allergen requirement most kitchens miss,2027-08-23
e2ec9ea4-88bb-4704-8e78-a9ada68e037b,Stovio Advisors,LinkedIn,Exhaust fans and the failure you can hear,2029-10-16
5c79639a-8ab0-4342-a514-51b7c818bf46,Stovio Advisors,LinkedIn,Exhaust fans and the failure you can hear,2027-12-21
847c4c47-d06a-4b86-8375-524b4cc4fcaa,Stovio Advisors,LinkedIn,Fire Prevention Month: the kitchen is the ignition point,2027-12-15
be37a1ef-1aa3-4ff6-9460-7631ad6b1466,Stovio Advisors,LinkedIn,Fire Prevention Month: the kitchen is the ignition point,2027-12-30
9db9308e-6823-4ade-a50e-11a74706f6cd,Stovio Advisors,LinkedIn,Fire safety in the hottest month,2027-07-15
d27c78ba-1bb0-41d6-a595-068e2d0c2c0d,Stovio Advisors,LinkedIn,Fire safety in the hottest month,2027-07-13
af6be7bf-ebdf-4c9e-80ce-af0fb7b56fc8,Stovio Advisors,LinkedIn,Five documentation gaps behind denied claims,2029-03-13
1f5ce14f-e31d-45ef-8547-ef8d55f1cdd4,Stovio Advisors,LinkedIn,Grease interception and the other authority,2027-01-26
f43db486-56b2-4f71-b311-a34cb59ac352,Stovio Advisors,LinkedIn,Grease interception and the other authority,2030-01-22
9f3ee46e-c0c7-4405-9ca2-df9bdcd40d1c,Stovio Advisors,LinkedIn,"Handler cards, CFPM, and the certification cliff",2028-12-12
66bab20b-5d12-464a-b433-ca92cab06e03,Stovio Advisors,LinkedIn,"Handler cards, CFPM, and the certification cliff",2027-07-27
7b27d2f3-e676-4467-8169-59e0e2989dcc,Stovio Advisors,LinkedIn,"Heat, humidity, and holding temperature",2028-07-04
2d6ff38d-ee43-4e46-91f6-5f077cd22cab,Stovio Advisors,LinkedIn,"Heat, humidity, and holding temperature",2027-03-16
00ade692-d59d-413c-9081-92c77af22b4f,Stovio Advisors,LinkedIn,LA County's first 90 seconds,2026-08-18
b9cd8461-7d46-40c7-b61c-83973646f1d9,Stovio Advisors,LinkedIn,"Loss control: information, not accusation",2029-04-10
9686a960-af9c-4e27-980b-fe3e9850ce07,Stovio Advisors,LinkedIn,"Loss control: information, not accusation",2028-10-31
8fc337b3-1d35-4541-b7ed-432b358bbf40,Stovio Advisors,LinkedIn,Multi-location: what doesn't transfer,2030-02-13
8f25c7ae-6030-4bc9-913f-a4f6040dd07c,Stovio Advisors,LinkedIn,Multi-location: what doesn't transfer,2030-03-11
93c4710c-ae8c-406e-8d12-6f33909b2c72,Stovio Advisors,LinkedIn,"New staff, old procedures",2028-09-05
626427f1-de67-4681-96af-bb07e8daf719,Stovio Advisors,LinkedIn,"New staff, old procedures",2028-09-25
1edf96a8-cc93-4390-be66-3e3aa0d8376b,Stovio Advisors,LinkedIn,NFPA 96 in plain English,2028-02-03
06096ebd-6ca4-4151-a053-18d2b0f37363,Stovio Advisors,LinkedIn,NFPA 96 in plain English,2028-02-23
d4aecc31-3dcb-48e1-923a-2ff165377be1,Stovio Advisors,LinkedIn,One year of the Founder cohort,2027-07-20
61a30866-1b6f-4b9e-a8c1-59a7dc84147f,Stovio Advisors,LinkedIn,One year of the Founder cohort,2027-07-22
418ecc45-dd2a-440a-a5cb-117316e61bfb,Stovio Advisors,LinkedIn,"Patio, outdoor, and mobile: the requirements change",2027-07-06
da64e726-59b3-436a-a173-0ee153838c4e,Stovio Advisors,LinkedIn,"Patio, outdoor, and mobile: the requirements change",2029-09-11
102b87f3-8d48-4704-b515-c53235149868,Stovio Advisors,LinkedIn,Peak season readiness,2026-11-03
a390f099-23c1-4fbc-92e7-56f7df1d3992,Stovio Advisors,LinkedIn,Peak season readiness,2029-01-09
a24255dd-2125-49e7-90a6-9350024520f8,Stovio Advisors,LinkedIn,"Pest, and the requirement that's always current",2029-01-02
947ab936-1666-4b3f-bca5-d93894ddf0a3,Stovio Advisors,LinkedIn,"Pest, and the requirement that's always current",2028-10-24
4d6b2970-b47e-4218-93c2-815fbd97ab6b,Stovio Advisors,LinkedIn,Predict. Reduce. Prove. — year two,2027-08-12
7f2373a3-5fde-4976-965b-6453076e2d5b,Stovio Advisors,LinkedIn,Predict. Reduce. Prove. — year two,2027-08-10
9aa0d452-54f3-4e8c-8c92-05b4e0910351,Stovio Advisors,LinkedIn,"Reduce, not prevent",2029-01-12
ff82e4cc-ce0e-4177-904d-e9d4f848008e,Stovio Advisors,LinkedIn,"Reduce, not prevent",2028-12-14
2ed3602b-6cd4-4615-af40-23f7e6c1b388,Stovio Advisors,LinkedIn,Refrigeration: recovery time over temperature,2027-03-23
6eac4f36-672e-48b9-a36a-02d4ca014fe6,Stovio Advisors,LinkedIn,Refrigeration: recovery time over temperature,2028-04-11
b3ab210d-6fbc-47fd-8371-6ac1eb8c4fc2,Stovio Advisors,LinkedIn,"Selling, buying, and the diligence file",2029-03-27
37d3a162-0c7a-4d95-a303-7945d3f513d3,Stovio Advisors,LinkedIn,"Selling, buying, and the diligence file",2027-07-08
d8989574-a0ad-48b1-b941-70377ad02dca,Stovio Advisors,LinkedIn,Setting the year: what to fix first,2029-09-07
7f91ac22-2c50-434e-ba0f-cdbd7281733f,Stovio Advisors,LinkedIn,Setting the year: what to fix first,2029-10-01
01023c83-a3b2-4fd2-8529-f92c2e753052,Stovio Advisors,LinkedIn,Spring inspection season opens,2026-08-25
4f83503f-89a2-4521-b118-1f4970a6b315,Stovio Advisors,LinkedIn,Spring inspection season opens,2027-10-12
861c314e-86ba-4f13-bb6f-d7ed440c9ef1,Stovio Advisors,LinkedIn,"Summer volume, shorter intervals",2028-08-29
6ca4a3be-4e26-4d40-8d45-7f6a7fa5b6e0,Stovio Advisors,LinkedIn,"Summer volume, shorter intervals",2028-03-14
1dd56484-0873-49d0-9881-f0587b9a7cf3,Stovio Advisors,LinkedIn,Suppression service life,2027-01-05
46303b82-b57f-4769-8179-470d5fed6517,Stovio Advisors,LinkedIn,Suppression service life,2027-07-20
9de9ab0e-8df0-4582-b6d8-36950f48c262,Stovio Advisors,LinkedIn,Suppression: the system that gives you no feedback,2028-03-22
416d2e54-3f46-4636-b20f-9114cbc2b794,Stovio Advisors,LinkedIn,Suppression: the system that gives you no feedback,2028-04-20
e8e127b5-83a5-4196-b05b-4ce3ae6ef0af,Stovio Advisors,LinkedIn,The 90-day equipment warning,2029-11-06
7d92ea78-b06e-4878-a890-b68b45880771,Stovio Advisors,LinkedIn,The claim you'll never file,2028-08-01
855e6a9a-e1ae-4335-9c13-cd8ab41be54d,Stovio Advisors,LinkedIn,The claim you'll never file,2028-08-15
cf7c77de-d603-4069-8730-2d7128f6de50,Stovio Advisors,LinkedIn,The compliance budget conversation,2029-11-23
c6e8d7a0-3c87-4322-88e0-41619bab030c,Stovio Advisors,LinkedIn,The compliance budget conversation,2029-11-02
5756f816-cf2f-4188-b0eb-e4d9ac1f3c79,Stovio Advisors,LinkedIn,The equipment you're going to replace this year,2030-04-12
05b1cc74-f141-4eaf-9039-04ed1f351ee8,Stovio Advisors,LinkedIn,The equipment you're going to replace this year,2030-05-08
4045eee6-f5b9-4ff7-bfcd-ceb958c557b6,Stovio Advisors,LinkedIn,"The five temperature logs, not one",2027-06-15
d953f8e5-5ebb-4321-8d54-c4fd31d2eeb7,Stovio Advisors,LinkedIn,"The five temperature logs, not one",2029-09-04
bea12f8b-6e81-4612-834a-dd8b7fcc4bba,Stovio Advisors,LinkedIn,"The fryer, the thermostat, and the fire",2029-05-08
4881374d-7a00-4099-bc14-cefba21742c0,Stovio Advisors,LinkedIn,"The fryer, the thermostat, and the fire",2027-08-10
cc7f8327-3683-4af7-898b-f378116ee6b0,Stovio Advisors,LinkedIn,The mid-year proof check,2029-06-26
7013af0a-e2a9-4f15-b557-b679267dc008,Stovio Advisors,LinkedIn,The mid-year proof check,2028-04-25
c4274525-b496-4cd6-b7e0-47765fb97f4a,Stovio Advisors,LinkedIn,The next 169,2027-08-03
dc4e02a8-9511-4a3f-859c-75ac41c67c6c,Stovio Advisors,LinkedIn,The next 169,2027-08-05
4224a2d0-347d-4f81-9792-5d5dac92c780,Stovio Advisors,LinkedIn,The pre-Q4 walkthrough,2027-10-13
fa0c5733-9e04-4a55-b6a5-399bcf7d89a9,Stovio Advisors,LinkedIn,The pre-Q4 walkthrough,2027-11-11
fbbafb5f-f836-4ea2-b51c-e018ab110806,Stovio Advisors,LinkedIn,The quiet week,2029-07-13
ef7b6db4-ddb8-44de-bd18-7362a01467c4,Stovio Advisors,LinkedIn,The quiet week,2029-08-08
02961de9-125d-4db8-a6ea-292886b8c484,Stovio Advisors,LinkedIn,The record at eleven months,2026-09-08
dae59f82-30a1-4490-af56-8adc29bee0b8,Stovio Advisors,LinkedIn,The record at eleven months,2029-09-18
7a41b8ff-f82a-4170-b9f4-5a3e756cb3ab,Stovio Advisors,LinkedIn,The records that survive a change of ownership.,2028-06-20
1e3902fd-d0e2-4cdf-ae62-fd5f251f7a8d,Stovio Advisors,LinkedIn,The renewal your carrier is already reviewing,2029-04-24
1f1c5038-b2c9-4478-a163-d44508f5e0bf,Stovio Advisors,LinkedIn,The renewal your carrier is already reviewing,2029-04-04
4233ac6d-3c33-4f27-981b-ccfcd03ecd53,Stovio Advisors,LinkedIn,The Thanksgiving load test,2028-10-26
6e0e24d7-956a-4cb5-8934-6990d7eca136,Stovio Advisors,LinkedIn,The Thanksgiving load test,2028-11-20
ff3d0827-33ea-4b87-98b3-680358782464,Stovio Advisors,LinkedIn,The training refresh before summer staffing,2030-04-02
399bd070-baf5-49ef-90d9-1ec48fd94396,Stovio Advisors,LinkedIn,The training refresh before summer staffing,2027-05-25
54ab28fd-b9aa-4f54-97b8-32a996b78679,Stovio Advisors,LinkedIn,"Three counties, three rulebooks",2027-11-02
4d934019-6ce5-4c7c-aabf-e192f5c801dc,Stovio Advisors,LinkedIn,"Ventilation, airflow, and the summer ahead",2027-09-21
ba649e5d-b564-4785-81e9-aef57d2a8c8e,Stovio Advisors,LinkedIn,"Ventilation, airflow, and the summer ahead",2029-04-17
d8662e9f-dce2-49ba-8445-b42cfa58b479,Stovio Advisors,LinkedIn,Volume changes your interval,2028-07-28
35c18611-82a0-419a-8b00-9383bc6e1c7d,Stovio Advisors,LinkedIn,Volume changes your interval,2028-07-05
ea59ea61-f2f9-48fb-8c64-5bb0e1ca6f7f,Stovio Advisors,LinkedIn,Well run and provable are different states.,2029-11-20
84b927f9-7252-4ab2-84e3-132cd507e688,Stovio Advisors,LinkedIn,What 2026 taught us,2029-06-14
24a049ef-6bcc-44dc-a973-b2ffd20d27df,Stovio Advisors,LinkedIn,What 2026 taught us,2029-05-22
cf904841-f557-4555-b054-9bad92a1e45f,Stovio Advisors,LinkedIn,What a fire marshal sees that you don't,2028-06-07
d0992dcc-23d4-48b5-b92f-3007a5ac773b,Stovio Advisors,LinkedIn,What a fire marshal sees that you don't,2028-05-19
e6785bb5-df8b-4009-b32a-c73e346d64ee,Stovio Advisors,LinkedIn,What changed in the rules this year,2027-07-29
2140585d-b817-4513-91f1-58b03b779044,Stovio Advisors,LinkedIn,What changed in the rules this year,2027-07-27
ebabbe99-57b9-4442-ada2-9f3ad0e7c5bd,Stovio Advisors,LinkedIn,What triggers a loss control inspection,2029-12-04
2bacc6d8-44ea-4a0a-b5f7-c157debf66be,Stovio Advisors,LinkedIn,What we got wrong,2027-03-09
4ed5a790-b397-48f9-a431-12d33903fe54,Stovio Advisors,LinkedIn,What we got wrong,2027-09-28
50c2935b-8069-4062-a356-52bc57c579bb,Stovio Advisors,LinkedIn,What your carrier actually asks for,2030-06-10
5f6b1c48-42f6-4bb0-9d79-38cf2d8527c2,Stovio Advisors,LinkedIn,What your carrier actually asks for,2028-01-11
ef5442ff-6f08-49ec-bea4-0a3de9ce686c,Stovio Advisors,LinkedIn,When two authorities govern one kitchen,2029-12-18
6da92c62-6e59-4003-9ac3-f8bfe168a250,Stovio Advisors,LinkedIn,When your cleaning interval is wrong,2028-04-04
e1281c08-3a18-43ac-bff1-ac655fb63b13,Stovio Advisors,LinkedIn,Which evaluation model produces fewer failures?,2029-10-09
05fd8f79-1879-4cdc-b55a-6e892aa44504,Stovio Advisors,LinkedIn,Your first inspection of the year,2029-12-27
b1b19bab-06d4-4939-a6f9-39664ea31321,Stovio Advisors,LinkedIn,Your first inspection of the year,2030-01-14
95adf208-bf83-4e1a-96f1-a542f6ee15e2,Stovio Advisors,X,90 seconds,2028-08-22
06ce87ad-2f55-4a7a-b330-a528f573c131,Stovio Advisors,X,90-day signal,2026-09-22
d8d496d9-fac6-461e-9bb2-92b2773237a8,Stovio Advisors,X,Close the year with a complete record,2029-02-08
6d3e535a-9084-4a3d-aadd-162b5d76cfd9,Stovio Advisors,X,Close the year with a complete record,2029-03-01
894b6504-cb4e-4361-ae1b-e54aaa3bf83d,Stovio Advisors,X,"Coverage, exclusions, and the fine print",2028-06-27
3256f165-14a3-461b-a254-54ba65f03a1a,Stovio Advisors,X,"Coverage, exclusions, and the fine print",2027-03-02
fa938419-ef9b-49f5-a295-1c68c5ebe16c,Stovio Advisors,X,Cross-contact and the allergen requirement most kitchens miss,2027-08-24
d4e3a68b-71c1-43d6-b3fc-47eac88d1a96,Stovio Advisors,X,Cross-contact and the allergen requirement most kitchens miss,2027-09-22
53e4b255-74d7-4475-91cc-a200a6dde1b2,Stovio Advisors,X,Diligence,2027-09-14
3d14d108-d299-41e5-be29-8a66c95c681b,Stovio Advisors,X,Exhaust fans and the failure you can hear,2027-05-04
bf2828da-9144-4a49-8110-e653bd81a1fb,Stovio Advisors,X,Exhaust fans and the failure you can hear,2029-03-06
becded3d-2410-4f93-b733-2fafc79bd661,Stovio Advisors,X,Fire Prevention Month: the kitchen is the ignition point,2028-01-03
1b50eed5-16eb-4eb4-826b-4d6fb0313af9,Stovio Advisors,X,Fire Prevention Month: the kitchen is the ignition point,2027-12-09
23e96395-de9a-4247-bbaf-b77c81d60fa6,Stovio Advisors,X,Fire safety in the hottest month,2027-07-15
3894e781-e624-4c9c-9262-70fb2f5d1200,Stovio Advisors,X,Fire safety in the hottest month,2027-07-13
833ecda4-b73f-46a8-a48a-c8269d907460,Stovio Advisors,X,Five documents,2028-04-11
165adc6e-9d6c-4c67-9dd2-3bd519ffe9a1,Stovio Advisors,X,Grading models,2026-11-17
86d784ba-b89b-40eb-81d0-6eb6bc391d71,Stovio Advisors,X,Grease interception and the other authority,2028-05-09
88fc52bb-8989-49bc-a65f-9f72f522f45b,Stovio Advisors,X,Grease interception and the other authority,2028-06-20
bfa9c530-6906-4393-bdc3-ca930ed8b787,Stovio Advisors,X,"Handler cards, CFPM, and the certification cliff",2029-03-13
f104bc23-b619-44cd-9750-29cd020f9362,Stovio Advisors,X,"Handler cards, CFPM, and the certification cliff",2027-08-02
6ae559d4-8d61-4cc0-8247-84637405604d,Stovio Advisors,X,"Heat, humidity, and holding temperature",2028-01-18
87fdae2e-584a-4664-bbfd-31829f38e5a6,Stovio Advisors,X,"Heat, humidity, and holding temperature",2028-06-06
224695df-8ab2-443f-87fb-d1f2d953e52c,Stovio Advisors,X,Interval,2026-12-22
de875d4f-5162-4e69-9209-4b69da6e0969,Stovio Advisors,X,Loss control,2029-09-25
f95d9573-860c-4220-bb8e-46027e361563,Stovio Advisors,X,"Loss control: information, not accusation",2030-02-05
9e8d684c-5ae1-4eb4-a363-6b82195a3056,Stovio Advisors,X,"Loss control: information, not accusation",2028-09-19
07406934-3f50-4903-9966-27e40e1c5d38,Stovio Advisors,X,Multi-location: what doesn't transfer,2030-03-08
2713b24e-4160-43df-9312-b78436dc12a2,Stovio Advisors,X,Multi-location: what doesn't transfer,2030-02-20
778a778a-8027-4fd6-92a0-bd905dd72cf1,Stovio Advisors,X,"New staff, old procedures",2028-09-22
4a5bfed9-33d7-40f0-bcc7-a1395fe0d433,Stovio Advisors,X,"New staff, old procedures",2028-08-28
45f86a42-7c10-4499-b5c3-17a3cd078f2c,Stovio Advisors,X,NFPA 96 in plain English,2028-03-01
ee33c261-3890-400b-ba38-644f862a4a37,Stovio Advisors,X,NFPA 96 in plain English,2028-02-02
c3827ca1-4fae-4a1d-9612-65102375aaeb,Stovio Advisors,X,One year of the Founder cohort,2027-07-20
238fdd72-8bb4-4cf7-9310-b359eb80a993,Stovio Advisors,X,One year of the Founder cohort,2027-07-22
9710ab91-9193-4659-bc05-07bdbe90b451,Stovio Advisors,X,"Patio, outdoor, and mobile: the requirements change",2028-08-29
db98ba23-0b15-44f9-8e43-c551ba0595b8,Stovio Advisors,X,"Patio, outdoor, and mobile: the requirements change",2029-09-18
5d5c51b7-9c85-4c66-9200-0e5c57de9678,Stovio Advisors,X,Peak season readiness,2027-11-30
c414c538-af6b-4c61-b6c8-1f86e926862e,Stovio Advisors,X,Peak season readiness,2029-04-10
5af44d43-5452-44e8-8f0f-8c6fdfe21e2f,Stovio Advisors,X,"Pest, and the requirement that's always current",2027-11-16
ce096868-6e65-4df5-847f-5288a57f53bb,Stovio Advisors,X,"Pest, and the requirement that's always current",2029-06-26
95b0936a-0eae-4b85-ba27-56911a36a3ff,Stovio Advisors,X,Predict. Reduce. Prove. — year two,2027-08-12
fdceee04-0753-4168-8b7c-285e9f029693,Stovio Advisors,X,Predict. Reduce. Prove. — year two,2027-08-10
cf301c1e-a062-46fe-9f5a-a4b93642a74e,Stovio Advisors,X,Provable,2029-07-03
f8ca9d98-92af-4aac-b20b-2cbc34b102f4,Stovio Advisors,X,"Reduce, not prevent",2028-12-21
a798879f-1faa-4486-9b44-1169a77b8f16,Stovio Advisors,X,"Reduce, not prevent",2029-01-15
c8c9374c-2742-4e57-accd-f3666168264e,Stovio Advisors,X,Refrigeration: recovery time over temperature,2029-05-15
607d90ea-ba79-4642-a8d6-31b75a83b6ee,Stovio Advisors,X,Refrigeration: recovery time over temperature,2027-12-21
b0111a3e-4276-46b9-8ae1-f512ccf39731,Stovio Advisors,X,Rulebooks,2028-12-12
35fc4638-91c8-4b62-b0fb-55114213c803,Stovio Advisors,X,"Selling, buying, and the diligence file",2027-03-23
3fad8811-a0c2-470c-8cb9-99a25a77e05e,Stovio Advisors,X,"Selling, buying, and the diligence file",2027-07-08
99b39d83-ffe3-43f6-afa7-9fe1cd1f8e07,Stovio Advisors,X,Setting the year: what to fix first,2029-09-28
3bf23e15-9216-4674-a36b-e2fbe28b2d51,Stovio Advisors,X,Setting the year: what to fix first,2029-09-12
8555e3ba-4c32-4a7b-bf26-470558273399,Stovio Advisors,X,Spring inspection season opens,2028-05-02
a9b946d2-57b1-4cbe-9746-eea3634e1b86,Stovio Advisors,X,Spring inspection season opens,2028-12-05
27bdd44e-f4dc-45d5-af43-3885c225ed66,Stovio Advisors,X,"Summer volume, shorter intervals",2027-01-12
a23dbaeb-21a9-4820-8793-49e2096feed0,Stovio Advisors,X,"Summer volume, shorter intervals",2028-10-10
322151a6-c928-4291-9cab-29a4af635618,Stovio Advisors,X,Suppression service life,2027-02-23
ca536289-d853-4d48-87c9-ba1ac4eb8777,Stovio Advisors,X,Suppression service life,2029-05-22
9e6e595b-4cec-4dd8-a7d8-2c1b36880b8c,Stovio Advisors,X,Suppression: the system that gives you no feedback,2028-03-27
a90995bc-c9d6-46bb-be03-c8090db55b5b,Stovio Advisors,X,Suppression: the system that gives you no feedback,2028-04-18
c32fe5ee-73b3-45ee-b6a0-1d9668562c2c,Stovio Advisors,X,The claim you'll never file,2029-04-03
baf2cf74-6c2c-4c86-bc8e-7af5d7603b36,Stovio Advisors,X,The claim you'll never file,2029-02-13
ecc6d067-5599-4ad3-9960-460672e05e75,Stovio Advisors,X,The compliance budget conversation,2029-10-26
a9c911d6-507e-4be6-9ec6-f40458d8d191,Stovio Advisors,X,The compliance budget conversation,2029-11-22
ad2a1e7c-08c6-4c39-99cd-3eb8be98bd38,Stovio Advisors,X,The equipment you're going to replace this year,2030-05-03
aaa19976-9fdb-4376-9714-a86361a031ac,Stovio Advisors,X,The equipment you're going to replace this year,2030-04-08
bdedcb48-270a-413c-9fef-3953e915d50e,Stovio Advisors,X,"The five temperature logs, not one",2029-02-27
b2f00811-83dc-41d7-bbdf-91ec4c0416bc,Stovio Advisors,X,"The five temperature logs, not one",2028-12-26
cc2d319e-a513-431c-9587-1bdfc8b61468,Stovio Advisors,X,"The fryer, the thermostat, and the fire",2029-06-05
6b4ba0a4-eea3-40ae-9e30-05b43590ef83,Stovio Advisors,X,"The fryer, the thermostat, and the fire",2028-02-01
a6d96fdb-9976-4fea-a3f8-a1c7181c2d09,Stovio Advisors,X,The mid-year proof check,2028-11-07
a33bbbae-1555-4146-9ce8-8911d039603a,Stovio Advisors,X,The mid-year proof check,2028-10-17
4846912a-393b-4ba4-aff4-c6b2cee31f4e,Stovio Advisors,X,The next 169,2027-08-03
b5a33f56-543b-4b2a-a46c-6af71cd896f6,Stovio Advisors,X,The next 169,2027-08-05
15bae34e-4acc-42cd-8da6-b69c52c9c07b,Stovio Advisors,X,The pre-Q4 walkthrough,2027-10-21
7d304056-4410-4971-9b6a-b8236b5a9b76,Stovio Advisors,X,The pre-Q4 walkthrough,2027-11-08
5549bb75-8dd9-460d-9625-c3aaf399d10d,Stovio Advisors,X,The quiet week,2029-07-18
5e077468-14f7-4d44-8a2d-d0d267fd03a0,Stovio Advisors,X,The quiet week,2029-08-07
46e30bbe-6f1f-4f5a-85c6-81221db319cf,Stovio Advisors,X,The record at eleven months,2027-06-29
d4548b87-29d5-42a0-8509-8849985c34fe,Stovio Advisors,X,The record at eleven months,2029-08-07
3c21cc24-52f4-4377-9362-ecfe21ea9f21,Stovio Advisors,X,The renewal your carrier is already reviewing,2029-04-05
a994899c-a219-49d7-83f6-8bc8e8b61800,Stovio Advisors,X,The renewal your carrier is already reviewing,2029-04-23
db5bb266-e492-4b36-8dfe-0d7df05df47d,Stovio Advisors,X,The Thanksgiving load test,2028-11-14
957e47c1-59a0-490c-ad97-7b60c3827c6b,Stovio Advisors,X,The Thanksgiving load test,2028-10-27
838ca30e-ce16-495d-a64a-d7edec51965d,Stovio Advisors,X,The training refresh before summer staffing,2028-04-18
953f252d-74f3-4844-8467-6735dedd9613,Stovio Advisors,X,The training refresh before summer staffing,2028-08-15
0590c3ba-7647-4290-ac24-c968659be0c4,Stovio Advisors,X,Two authorities,2026-09-15
c66fb589-5be9-4e23-8a19-9cf341636da1,Stovio Advisors,X,"Ventilation, airflow, and the summer ahead",2029-04-24
ef561234-2a62-43e7-9293-cbfa681c984a,Stovio Advisors,X,"Ventilation, airflow, and the summer ahead",2030-01-01
1cfa2a28-b94b-472a-af96-e68511b41d02,Stovio Advisors,X,Volume changes your interval,2028-07-06
701a6e2d-a3e0-496f-ba58-ef858f3f8c1f,Stovio Advisors,X,Volume changes your interval,2028-08-04
2bb813ca-36a4-4b27-8843-44888d1ad825,Stovio Advisors,X,What 2026 taught us,2029-05-28
8f4c31a5-47d4-4442-bbb1-31170346bcb6,Stovio Advisors,X,What 2026 taught us,2029-06-13
7d58b63c-5d84-4954-8d6a-b6a41ffb5eae,Stovio Advisors,X,What a fire marshal sees that you don't,2028-06-14
f2536cd1-6755-4a2e-90ca-f9f6cd02ab5f,Stovio Advisors,X,What a fire marshal sees that you don't,2028-05-23
d35ccd3d-c0c7-4da8-8394-43ce9401698b,Stovio Advisors,X,What changed in the rules this year,2027-07-29
584ebbf0-31fb-422d-9544-92517a76f252,Stovio Advisors,X,What changed in the rules this year,2027-07-27
e1a4e5bd-64b6-479c-a8f4-a3673c7999fc,Stovio Advisors,X,What we got wrong,2029-10-16
a959d229-7acb-424a-9c9d-47a58e06ad53,Stovio Advisors,X,What we got wrong,2028-11-28
83bd37f0-06bb-4bc2-9624-f1137b3f8861,Stovio Advisors,X,What your carrier actually asks for,2030-06-07
8590522d-8234-467d-8ea5-51bf8f8aa971,Stovio Advisors,X,What your carrier actually asks for,2030-06-14
2e7bffe8-7720-41ca-8909-3f473508b2b7,Stovio Advisors,X,Your first inspection of the year,2030-01-15
cc052add-3467-4e13-87cd-b1ba2328979a,Stovio Advisors,X,Your first inspection of the year,2029-12-19
00ecd7ee-19b3-4096-baf5-687433ff7464,Stovio Advisors,YouTube,Close the year with a complete record,2029-03-02
46f2e71c-d184-4545-89b0-7b6b37da8ba6,Stovio Advisors,YouTube,County rulebooks: why three neighboring counties inspect completely differently (10-12 min),2027-01-19
e56a37ec-c002-4e75-8467-78504e699b3a,Stovio Advisors,YouTube,"Coverage, exclusions, and the fine print",2027-12-14
5f49519e-3a1a-4f3a-a84a-f3c0bcc0a766,Stovio Advisors,YouTube,Cross-contact and the allergen requirement most kitchens miss,2027-09-21
82da7982-7476-46e3-af54-ec66a3e08820,Stovio Advisors,YouTube,Exhaust fans and the failure you can hear,2027-06-01
543793e6-8fbd-4924-9976-0033adb50129,Stovio Advisors,YouTube,Fire Prevention Month: the kitchen is the ignition point,2028-01-07
5735be19-fd76-4f0a-8333-2f9eedf8955e,Stovio Advisors,YouTube,Fire safety in the hottest month,2027-07-15
b3fd8daf-8e18-4181-933f-0ac8c227fd88,Stovio Advisors,YouTube,Grease interception and the other authority,2027-10-05
b9e261b8-14f5-4e86-bcc8-3a65ae7d6468,Stovio Advisors,YouTube,"Handler cards, CFPM, and the certification cliff",2027-07-23
87ee0605-c375-4837-a0c3-c91375c6ec2d,Stovio Advisors,YouTube,"Heat, humidity, and holding temperature",2027-06-29
7daacae6-4b1c-4d8c-85eb-e85ce6cdd868,Stovio Advisors,YouTube,"Loss control: information, not accusation",2027-05-25
319fa0c7-1860-4fa6-b54e-730d6f57f83c,Stovio Advisors,YouTube,Multi-location: what doesn't transfer,2030-03-12
bb0bebfb-af39-424e-89c7-f387df6ab17f,Stovio Advisors,YouTube,"New staff, old procedures",2028-09-27
7beba786-2670-4a9c-909b-4d2380ae9046,Stovio Advisors,YouTube,NFPA 96 in plain English,2028-02-22
d262da07-f83c-48ae-997c-4c1820ca489e,Stovio Advisors,YouTube,One year of the Founder cohort,2027-07-22
9d46f09d-caab-4184-b948-3d6fdfe5ebd9,Stovio Advisors,YouTube,Paid or denied: the documentation behind commercial kitchen claims (11-13 min),2027-08-24
308893e0-4ee7-4aa3-8877-16f57a23ba77,Stovio Advisors,YouTube,"Patio, outdoor, and mobile: the requirements change",2026-11-24
4cd1fd30-47e4-4625-b5dc-82047ca1e696,Stovio Advisors,YouTube,Peak season readiness,2027-02-09
d162d305-e310-4657-951d-ff1d1ef48a12,Stovio Advisors,YouTube,"Pest, and the requirement that's always current",2027-11-02
4c184dba-00a0-4a4f-8475-bb87f070e3ec,Stovio Advisors,YouTube,Predict. Reduce. Prove. — year two,2027-08-12
7db6b857-b8da-4e52-8f73-b52a47c4ac42,Stovio Advisors,YouTube,"Reduce, not prevent",2029-01-09
4c8cea99-46b1-45f1-93c6-6a4e2b7f88ec,Stovio Advisors,YouTube,Refrigeration: recovery time over temperature,2027-02-02
6ec41602-c2f8-4558-bbf8-1cd0fdbfe728,Stovio Advisors,YouTube,"Selling, buying, and the diligence file",2027-03-30
c8db6808-61f6-4d3d-a06c-6c5cae9c7a2a,Stovio Advisors,YouTube,Setting the year: what to fix first,2029-10-08
690ecdc5-8505-4bd0-9ec3-b13129b4b20f,Stovio Advisors,YouTube,Spring inspection season opens,2027-03-16
262b8e7a-d5b1-4800-b165-64f0f4c3bc49,Stovio Advisors,YouTube,"Summer volume, shorter intervals",2026-10-20
1b6d1953-5528-4461-8f67-a9a0b8f66920,Stovio Advisors,YouTube,Suppression service life,2026-10-06
a17d91e3-fc53-40be-b1dd-db9e5f9f1f1a,Stovio Advisors,YouTube,Suppression: the system that gives you no feedback,2028-04-19
a244901e-026a-44b3-903b-156258073f23,Stovio Advisors,YouTube,The 90-day warning: reading equipment before it fails (9-11 min),2027-09-21
c3bc5758-08c0-488f-98b8-a1e237a3b177,Stovio Advisors,YouTube,The claim you'll never file,2027-10-19
62240bea-fac1-4803-84f9-cfd22b62c050,Stovio Advisors,YouTube,The compliance budget conversation,2029-11-26
b2483fa2-1b4f-4dd9-b1c2-ebdce1a7a4c1,Stovio Advisors,YouTube,The equipment you're going to replace this year,2030-05-02
f0ac52a2-beac-46ef-beef-2b240950a07d,Stovio Advisors,YouTube,"The five temperature logs, not one",2028-02-01
731b57c8-bf45-4228-8d03-81c4f98b9f4b,Stovio Advisors,YouTube,"The fryer, the thermostat, and the fire",2027-04-06
f96eea68-80c9-4a5e-9167-39d916a97c9c,Stovio Advisors,YouTube,The mid-year proof check,2028-02-15
9228d8b1-be75-4427-852e-92035934ac1e,Stovio Advisors,YouTube,The next 169,2027-08-05
d745a2d1-fc15-4f49-9ab4-431946b72185,Stovio Advisors,YouTube,The pre-Q4 walkthrough,2027-11-05
3d7efd0b-33e2-4ded-b2f5-e27bb02cf434,Stovio Advisors,YouTube,The quiet week,2029-08-15
5ac4adda-39be-4c83-8c3e-4c3077f43f6f,Stovio Advisors,YouTube,The record at eleven months,2027-02-23
4129c64b-405b-4211-b11a-a24333ff4f91,Stovio Advisors,YouTube,The renewal your carrier is already reviewing,2029-04-26
0a443a5e-6bff-4747-aadd-c8d682c1c3fc,Stovio Advisors,YouTube,The Thanksgiving load test,2028-11-21
ecdb0c7b-adcb-432a-9ad0-7bc0d5c2ec9c,Stovio Advisors,YouTube,The training refresh before summer staffing,2028-01-11
9035e952-5b85-43c4-ae5e-b7a4e096d85e,Stovio Advisors,YouTube,"Ventilation, airflow, and the summer ahead",2027-07-20
097a3fcc-b68d-4a31-8456-a1b5120c0d23,Stovio Advisors,YouTube,Volume changes your interval,2028-08-08
eab5a560-3c38-40e2-89e6-af897e75d0dd,Stovio Advisors,YouTube,What 'provable' actually means (9-11 min),2027-12-28
d87c6ea9-1b42-4bb9-be86-74dc3262bf5a,Stovio Advisors,YouTube,What 2026 taught us,2029-06-21
7d56f3bc-8845-4fcc-aaf0-583d63a094b0,Stovio Advisors,YouTube,What a fire marshal sees that you don't,2028-06-13
eff68413-7197-495b-a745-f7659bb9f30d,Stovio Advisors,YouTube,What changed in the rules this year,2027-07-29
909065a8-38d3-42d3-af5a-07aa8e4caf31,Stovio Advisors,YouTube,What we got wrong,2027-07-27
00dd9bb1-91a1-4eed-98cb-0e24c43df1e3,Stovio Advisors,YouTube,What your carrier actually asks for,2026-08-25
f06923f0-9c03-4959-95b9-fb3f270faec8,Stovio Advisors,YouTube,When two authorities govern one kitchen (9-11 min),2028-01-25
485e2db4-3978-4a03-9253-df95091cf83d,Stovio Advisors,YouTube,Your first inspection of the year,2030-01-11
